"ECACC No ","depositor","Depositor Cell Line Name","hESCreg Cell Line Name","BioSamples Cell Line ID","Batch","Biosamples Batch ID","Batch Type","EBiSC Internal ID","Comments","Status","Tracking Number ","Action needed"
,"Bioneer","OPPG-94 47-1","BIONi009-A","SAMEA3105737","P001","SAMEG301525","depositor",,,,,
66540022,"Bioneer","K1P53","BIONi010-A","SAMEA3105765","P001","SAMEG301526","depositor",,,,,
66540030,"Bioneer","K2P53","BIONi010-B","SAMEA3158000","P001","SAMEG301537","depositor",,,,,
66540023,"Bioneer","K3P53","BIONi010-C","SAMEA3158050","P001","SAMEG301538","depositor",,,,,
66540229,"Bioneer","BIONi010-C ApoE E4/E4 O7","BIONi010-C-1","SAMEA4303203","P001","SAMEG313532","depositor",,,,,
66540268,"Bioneer","BIONi010-C-2 ApoE E3/E3 H8 P32","BIONi010-C-2","SAMEA4342705","P001","SAMEG314740","depositor",,,,,
66540269,"Bioneer","BIONi010-C-3 ApoE KO KO30 P30","BIONi010-C-3","SAMEA4342740","P001","SAMEG314741","depositor",,,,,
66540366,"Bioneer","BIONi010-C ApoE E4/E4 #B44 P27","BIONi010-C-4","SAMEA4452060","P001","SAMEG315913","depositor",,,,,
66540367,"Bioneer","BIONi010-C CD33 E2del #14 P26","BIONi010-C-5","SAMEA4452061","P001","SAMEG316078","depositor",,,,,
66540368,"Bioneer","BIONi010-C ApoE E2/E2","BIONi010-C-6","SAMEA4454009","P001","SAMEG316120","depositor",,,,,
66540369,"Bioneer","BIONi010-C Trem2 R47H","BIONi010-C-7","SAMEA4454010","P001","SAMEG316121","depositor",,,,,
66540370,"Bioneer","BIONi010-C Trem2 T66M","BIONi010-C-8","SAMEA4454011","P001","SAMEG316122","depositor",,,,,
66540371,"Bioneer","BIONi010-C CD33 KO","BIONi010-C-9","SAMEA4454012","P001","SAMEG316123","depositor",,,,,
66540262,"Bioneer","H170615 C2","BIONi011-A","SAMEA4342428","P001","SAMEG314734","depositor",,,,,
66540263,"Bioneer","H230715 47-1","BIONi012-A","SAMEA4342434","P001","SAMEG314735","depositor",,,,,
66540264,"Bioneer","H240715 47-1","BIONi013-A","SAMEA4342502","P001","SAMEG314736","depositor",,,,,
66540265,"Bioneer","H270715 47-1","BIONi014-A","SAMEA4342566","P001","SAMEG314737","depositor",,,,,
66540266,"Bioneer","H280715 47-1","BIONi015-A","SAMEA4342649","P001","SAMEG314739","depositor",,,,,
66540267,"Bioneer","H310715 47-1","BIONi016-A ","SAMEA4342607","P001","SAMEG314738","depositor",,,,,
66540360,"Bioneer","H030815 47-1","BIONi017-A","SAMEA4451663","P001","SAMEG315874","depositor",,,,,
66540361,"Bioneer","H050815 48-4","BIONi018-A","SAMEA4451665","P001","SAMEG315875","depositor",,,,,
66540362,"Bioneer","H060815 48-3","BIONi019-A","SAMEA4451667","P001","SAMEG315876","depositor",,,,,
66540363,"Bioneer","H070815 47-2","BIONi020-A","SAMEA4451669","P001","SAMEG315877","depositor",,,,,
66540364,"Bioneer","H100815 48-2","BIONi021-A","SAMEA4451671","P001","SAMEG315878","depositor",,,,,
66540365,"Bioneer","H110815 47-2","BIONi022-A","SAMEA4451673","P001","SAMEG315879","depositor",,,,,
66540372,"Bioneer","H130815 47-4","BIONi023-A","SAMEA4454014","P001","SAMEG316124","depositor",,,,,
66540373,"Bioneer","H170815 47-2","BIONi024-A","SAMEA4454016","P001","SAMEG316125","depositor",,,,,
66540374,"Bioneer","H210815 48-3","BIONi025-A ","SAMEA4454017","P001","SAMEG316126","depositor",,,,,
66540399,"Bioneer","H300715 48-3","BIONi026-A","SAMEA4455497","P001","SAMEG316150","depositor",,,,,
66540400,"Bioneer","H040815 48-1","BIONi027-A","SAMEA4455499","P001","SAMEG316151","depositor",,,,,
66540401,"Bioneer","H120815 48-1","BIONi028-A","SAMEA4455501","P001","SAMEG316152","depositor",,,,,
66540402,"Bioneer","H190815 47-1","BIONi029-A","SAMEA4455503","P001","SAMEG316153","depositor",,,,,
66540403,"Bioneer","H200815 47-1","BIONi030-A","SAMEA4455505","P001","SAMEG316154","depositor",,,,,
66540404,"Bioneer","H240815 48-2","BIONi031-A","SAMEA4455507","P001","SAMEG316155","depositor",,,,,
66540405,"Bioneer","H250815 48-1","BIONi032-A ","SAMEA4455509","P001","SAMEG316156","depositor",,,,,
66540423,"Bioneer","H180615","BIONi033-A","SAMEA4563389","P001","SAMEG316812","depositor",,,,,
66540424,"Bioneer","H290715","BIONi034-A ","SAMEA4563391","P001","SAMEG316813","depositor",,,,,
66540425,"Bioneer","H180815 ","BIONi035-A ","SAMEA4563393","P001","SAMEG316814","depositor",,,,,
66540058,"EDIN","AST22, AST23","EDi001-A","SAMEA3319992","P001","SAMEG301696","central_facility",,,,,
66540166,"EDIN","AST22-C, AST23-C","EDi001-A-1","SAMEA3323836","P001","SAMEG301692","central_facility",,,,,
66540167,"EDIN","AST22_SNCAKO clone 3, AST23_SNCAKO Clone 3","EDi001-A-2","SAMEA3323846","P001","SAMEG301693","central_facility",,,,,
66540168,"EDIN","AST22_SNCAKO Clone 1, AST23_SNCAKO Clone 1","EDi001-A-3","SAMEA3323899","P001","SAMEG301694","central_facility",,,,,
66540169,"EDIN","AST22_SNCAKO Clone 6, AST23_SNCAKO Clone 6","EDi001-A-4","SAMEA3323960","P001","SAMEG301695","central_facility",,,,,
66540059,"EDIN","NAS2","EDi002-A","SAMEA3333374","P001","SAMEG301697","central_facility",,,,,
66540060,"EDI","G51D-3","EDi008-A","SAMEA3174308","M001","SAMEG313553","central_facility",,,,,
66540060,"EDI","G51D-3","EDi008-A","SAMEA3174308","P001","SAMEG301539","central_facility",,,,,
66540061,"EDI","G51D-4","EDi008-B","SAMEA3174606","M001","SAMEG313554","central_facility",,,,,
66540062,"EDI","G51D/PAR5","EDi009-A","SAMEA3174395","M001","SAMEG313555","central_facility",,,,,
66540060,"EDIN","G51D-3","EDINi008-A","SAMEA3174308","P001","SAMEG301539","central_facility",,,,,
66540061,"EDIN","G51D-4","EDINi008-B","SAMEA3174606","P001","SAMEG301540","central_facility",,,,,
66540062,"EDIN","G51D/PAR5","EDINi009-A","SAMEA3174395","P001","SAMEG301541","central_facility",,,,,
66540063,"Spain","SP02#1","ESi001-A","SAMEA3302942","P001","SAMEG301548","depositor",,,,,
66540067,"Spain","SP08#1","ESi002-A","SAMEA3303008","P001","SAMEG301549","depositor",,,,,
66540064,"Spain","[CRTRd]FiPS3819-4F-2","ESi003-A","SAMEA3303029","P001","SAMEG301550","depositor",,,,,
66540069,"Spain","[GD]FiPS-4F-21c","ESi004-A","SAMEA3303117","P001","SAMEG301551","depositor",,,,,
66540065,"Spain","cFA404-KiPS4F-1","ESi005-A","SAMEA3303130","P001","SAMEG301552","depositor",,,,,
66540068,"Spain","SP13#4","ESi006-A","SAMEA3303225","P001","SAMEG301553","depositor",,,,,
66540070,"Spain","CBiPS1sv-4F-40","ESi007-A","SAMEA3303231","P001","SAMEG301554","depositor",,,,,
66540066,"Spain","KiPS4F-8","ESi008-A","SAMEA3303318","P001","SAMEG301555","depositor",,,,,
66540103,"Hubrecht","HUB-BRT-01-Nrxn +/-","HUBi001-A-1","SAMEA3473825","P001","SAMEG301430","depositor",,,,,
66540104,"Hubrecht","HUB-BRT-01-Nrxn -/-","HUBi001-A-2","SAMEA3473910","P001","SAMEG301431","depositor",,,,,
66540124,"Hubrecht","HUB‐HI-03","HUBi002-A","SAMEA2785992","P001","SAMEG301510","depositor",,,,,
66540053,"Hubrecht","HUB‐SMN01-5","HUBi003-A","SAMEA2825592","P001","SAMEG301517","depositor",,,,,
66540054,"Hubrecht","HUB-SMN02-1","HUBi004-A","SAMEA2825636","P001","SAMEG301518","depositor",,,,,
66540055,"Hubrecht","HUB‐SMN03-7","HUBi005-A","SAMEA2825691","P001","SAMEG301519","depositor",,,,,
66540056,"Hubrecht","HUB‐SMN04-2","HUBi006-A","SAMEA2825733","P001","SAMEG301520","depositor",,,,,
66540026,"Hubrecht","HUB-RDEB01-1","HUBi007-A","SAMEA2786052","P001","SAMEG301511","depositor",,,,,
66540047,"Hubrecht","HUB-RDEB02-1","HUBi008-A","SAMEA2786077","P001","SAMEG301512","depositor",,,,,
66540042,"Hubrecht","HUB-BRT-01","HUiB001-A","SAMEA2629457","P001","SAMEG263888","depositor",,,,,
66540042,"Hubrecht","HUB-BRT-01","HUiB001-A","SAMEA2629457","M001","SAMEG263886","central_facility",,,,,
66540226,"LUB","RCFB58 c12.5","LUBi001-A","SAMEA4096428","M001","SAMEG307462","central_facility",,,,,
66540258,"LUB","RCFB58 c4.4","LUBi001-B","SAMEA4309630","M001","SAMEG313794","central_facility",,,,,
66540259,"LUB ","RCFB58 c3.7","LUBi001-C","SAMEA4309665","M001","SAMEG313795","central_facility",,,,,
66540155,"Pfizer","H9EX17.83","PFiZe001-A","SAMEA4084385","M001","Not EBiSC",,,,,,
66540156,"Pfizer","H9EX17.139","PFiZe002-A","SAMEA4084456","M001","Not EBiSC",,,,,,
66540159,"Pfizer","H9EX27.53","PFiZe003-A",,"M001","Not EBiSC",,,,,,
66540161,"Pfizer","H9EX27.125","PFiZe004-A",,"M001","Not EBiSC",,,,,,
66540157,"Pfizer","SV630","PFiZi006-A","SAMEA4084491","M001","SAMEG306838","central_facility",,,,,
66540158,"Pfizer","BAY3044.102.c2","PFiZi007-A","SAMEA4084680","M001","SAMEG306841","central_facility",,,,,
66540160,"Pfizer","SV656.C4","PFiZi008-A","SAMEA4084718","M001","SAMEG306842","central_facility",,,,,
66540164,"Pfizer","RCi188","PFiZi009-A","SAMEA4085222","M001","SAMEG306849","central_facility",,,,,
66540170,"Pfizer","FB65c7","PFIZi010-A","SAMEA4090921","M001","SAMEG307172","central_facility",,,,,
66540171,"Pfizer","FB65c16","PFIZi010-B","SAMEA4091043","M001","SAMEG307174","central_facility",,,,,
66540172,"Pfizer","FB65c20","PFIZi010-C","SAMEA4090955","M001","SAMEG307173","central_facility",,,,,
66540227,"Pfizer","FB67c2","PFiZi011-A","SAMEA4097152","M001","SAMEG307535","central_facility",,,,,
66540228,"Pfizer","FB66c17","PFiZi012-A","SAMEA4097192","M001","SAMEG307536","central_facility",,,,,
66540322,"Pfizer","RCFB59 C9","PFIZi013-A","SAMEA4343623","M001","SAMEG314890","central_facility",,,,,
"N/A","Pfizer","RCi216","PFIZi013-B","SAMEA4447666","M001","SAMEG315312","central_facility",,,,,
66540375,"Pfizer","OD002-s7","PFIZi014-A","SAMEA4454946","M001","SAMEG316139","central_facility",,,,,
66540376,"Pfizer","OD003-s5","PFIZi015-A","SAMEA4454948","M001","SAMEG316140","central_facility",,,,,
66540377,"Pfizer","OD005-s9","PFIZi016-A ","SAMEA4454950","M001","SAMEG316141","central_facility",,,,,
66540418,"Pfizer","BC142c7 & RCi209","PFIZi017-A","SAMEA4458848","M001","SAMEG316541","central_facility",,,,,
66540419,"Pfizer","BC143c8 & RCi207","PFIZi018-A","SAMEA4458850","M001","SAMEG316542","central_facility",,,,,
66540420,"Pfizer","BC145c6 & RCi202","PFIZi019-A ","SAMEA4458852","M001","SAMEG316543","central_facility",,,,,
66540421,"Pfizer","BC189c8 & RCi217","PFIZi020-A","SAMEA4561626","M001","None",,,,,,
66540422,"Pfizer","OD001-s7","PFIZi021-A","SAMEA4563388","M001","SAMEG316816","central_facility",,,,,
66540025,"R Biomedical","RB101","RBi001-A","SAMEA3368212","P001","SAMEG301691","depositor",,,,,
66540016,"Roslin cells","RCi88","RCi001-A","SAMEA3105842","P001","SAMEG301527","central_facility",,,,,
66540048,"Roslin cells","RCi89","RCi001-B","SAMEA3106040","P001","SAMEG301528","central_facility",,,,,
66540049,"Roslin cells","RCi92","RCi002-A","SAMEA3105892","P001","SAMEG301529","central_facility",,,,,
66540050,"Roslin cells","RCi93","RCi002-B","SAMEA3106075","P001","SAMEG301530","central_facility",,,,,
66540051,"Roslin cells","RCi115","RCi003-A","SAMEA3105949","P001","SAMEG301531","central_facility",,,,,
66540052,"Roslin cells","RCi117","RCi003-B","SAMEA3106143","P001","SAMEG301532","central_facility",,,,,
66540024,"Roslin cells","RCi150","RCi004-A","SAMEA3106011","P001","SAMEG301533","central_facility",,,,,
66540014,"Roslin cells","RCi68","RCi004-B","SAMEA3106205","P001","SAMEG301534","central_facility",,,,,
66540044,"Roslin cells","RCi171","RCi005-A","SAMEA3961534","P001","SAMEG305988","central_facility",,,,,
66540044,"Roslin cells","RCi171","RCi005-A","SAMEA3961534","M002","SAMEG315270","central_facility",,,,,
66540107,"Roslin cells","RCi169","RCi006-A","SAMEA3962402","P001","SAMEG305993","central_facility",,,,,
66540045,"Roslin cells","RCi170","RCi007-A","SAMEA3961596","M001","SAMEG305989","central_facility",,,,,
66540045,"Roslin cells","RCi170","RCi007-A","SAMEA3961596","M002","SAMEG306843","central_facility",,,,,
66540162,"Roslin cells","RCi186","RCi007-B","SAMEA4084816","M001","SAMEG306844","central_facility",,,,,
66540163,"Roslin cells","RCi187","RCi007-C","SAMEA4084916","M001","SAMEG306845","central_facility",,,,,
,"Tupler/ Roslin Cells",,"RCi008-A",,"M001",,"central_facility",,,,,
66540260,"Roslin cells","RCi201 (FB73c6)","RCi009-A","SAMEA4339688","M001","SAMEG314501","central_facility",,,,,
"N/A","Sigma/Janssen","iPSC Clone 28 Parental","SIGi001-A ","not banked for EBiSC ","M001","n/a","central_facility",,,,,
66540356,"Sigma/Janssen","IPSC0028 SLC17A7/GFP clone E3","SIGi001-A-1","SAMEA4451096","M001","SAMEG315828","central_facility",,,,,
66540358,"Sigma/Janssen","IPSC0028 MAPT P301S + MAPT IVS10+16 C>T clone 7G4A8","SIGi001-A-10","SAMEA4451117","M001","SAMEG315830","central_facility",,,,,
66540359,"Sigma/Janssen","IPSC0028 MAPT P301S + MAPT IVS10+16 C>T clone 7C6A8","SIGi001-A-11","SAMEA4451118","M001","SAMEG315831","central_facility",,,,,
66540357,"Sigma/Janssen","IPSC0028 SLC17A7/GFP clone C3","SIGi001-A-2","SAMEA4451116","M001","SAMEG315829","central_facility",,,,,
66540331,"Sigma/Janssen","IPSC0028 MAPT P301L clone C4","SIGi001-A-3","SAMEA4448571","M001","SAMEG315450","central_facility",,,,,
66540332,"Sigma/Janssen","IPSC0028 MAPT P301L clone D4","SIGi001-A-4","SAMEA4448632","M001","SAMEG315451","central_facility",,,,,
66540333,"Sigma/Janssen","IPSC0028 MAPT P301S clone 1C9C4","SIGi001-A-5","SAMEA4448708","M001","SAMEG315452","central_facility",,,,,
66540326,"Sigma/Janssen","IPSC0028 MAPT P301S clone 1B9C9","SIGi001-A-6","SAMEA4447426","M001","SAMEG315310","central_facility",,,,,
66540334,"Sigma/Janssen","IPSC0028 MAPT P301S clone 2G2B7","SIGi001-A-7","SAMEA4448730","M001","SAMEG315453","central_facility",,,,,
66540335,"Sigma/Janssen","IPSC0028 MAPT P301S + MAPT IVS10+16 C>T clone 7D11A7","SIGi001-A-8","SAMEA4448777","M001","SAMEG315454","central_facility",,,,,
66540327,"Sigma/Janssen","IPSC0028 MAPT P301S + MAPT IVS10+16 C>T clone 7H6A1","SIGi001-A-9","SAMEA4447499","M001","SAMEG315311","central_facility",,,,,
66540028,"UCL","HHItC9S-V19","UCLi001-A","SAMEA3174455","P001","SAMEG301542","central_facility",,,,,
66540028,"UCL","HHItC9S-V19","UCLi001-A","SAMEA3174455","M001","SAMEG313754","central_facility",,,,,
66540029,"UCL","HHItC9D-V34","UCLi002-A","SAMEA3174461","P001","SAMEG301543","central_facility",,,,,
66540029,"UCL","HHItC9D-V34","UCLi002-A","SAMEA3174461","M001","SAMEG313755","central_facility",,,,,
66540027,"UCL","TSM(exon10+16)V97","UCLi003-A","SAMEA3174519","P001","SAMEG301544","central_facility",,,,,
66540027,"UCL","TSM(exon10+16)V97","UCLi003-A","SAMEA3174519","M001","SAMEG313756","central_facility",,,,,
66540123,"UCL","RCi173","UCLi004-A","SAMEA3964268","M001","SAMEG306138","central_facility",,,,,
66540154,"UCL","RCi177","UCLi004-B","SAMEA4084285","M001","SAMEG306820","central_facility",,,,,
66540154,"UCL","RCi177","UCLi004-B","SAMEA4084285","M002","SAMEG314496","central_facility",,,,,
66540165,"UCL","RCi172","UCLi004-C","SAMEA4085372","M001","SAMEG306850","central_facility",,,,,
66540006,"Bonn","LB-29-2","UKBi001-A","SAMEA2614016","P001","SAMEG301731","depositor","Labels printed and sent to distributor",,,,
66540043,"Bonn","LB-29","UKBi001-B","SAMEA3855072","P001","SAMEG305915","depositor",,,,,
66540005,"Bonn","LB-36-2","UKBi002-A","SAMEA2590957","P001","SAMEG301736","depositor","Labels printed and sent to distributor",,,,
66540007,"Bonn","LB-32-9","UKBi003-A","SAMEA2614075","P001","SAMEG301733","depositor","Labels printed and sent to distributor",,,,
66540009,"Bonn","LB-30-12","UKBi004-A","SAMEA4583828","P001","SAMEG301732","depositor","Labels printed and sent to distributor",,,,
66540009,"Bonn","LB-30-12","UKBi004-A","SAMEA4583828","P002","SAMEG306535","depositor",,,,,
66540008,"Bonn","LB-31-1","UKBi005-A","SAMEA4584351","P001","SAMEG263885","depositor","Labels printed and sent to distributor",,"Get new BioSAmples IDs for 2nd batch expansion",,
66540008,"Bonn","LB-31-1","UKBi005-A","SAMEA4584351","M001","SAMEG263883","central_facility",,,,,
66540004,"Bonn","LB-35-1","UKBi006-A","SAMEA2590936","P001","SAMEG301735","depositor","Labels printed and sent to distributor",,,,
65540011,"Bonn","LB-33-5","UKBi007-A","SAMEA2825788","P001","SAMEG301521","depositor","Labels printed and sent to distributor",,,,
65540011,"Bonn","LB-33-5","UKBi007-A","SAMEA2825788","P002","SAMEG306536","depositor",,,,,
66540003,"Bonn","LB-34-1","UKBi008-A","SAMEA2590882","P001","SAMEG301734","depositor","Labels printed and sent to distributor",,,,
66540018,"Cologne","NP0053-5","UKKi006-A","SAMEA2825851","P001","SAMEG301522","depositor",,,,,
66540001,"Cologne","NP0014 cl.6","UKKi007-A","SAMEA2629464","P001","SAMEG301738","depositor",,,,,
66540013,"Cologne","NP0014 c5","UKKi007-B","SAMEA2698638","P001","SAMEG301739","depositor",,,,,
66540015,"Cologne","NP0016 c3","UKKi008-A","SAMEA4583697","P001","SAMEG301690","depositor",,,,,
66540015,"Cologne","NP0016 c3","UKKi008-A","SAMEA4583697","P002","SAMEG301130","central_facility",,,,,
66540002,"Cologne","NP0011-8","UKKi009-A","SAMEA4583816","P001","SAMEG301737","depositor",,,,,
66540032,"Cologne","NP0011-19","UKKi009-B","SAMEA2825897","P001","SAMEG301523","depositor",,,,,
66540010,"Cologne","NP0040-8","UKKi011-A","SAMEA2774610","P001","SAMEG301516","depositor",,,,,
66540019,"Cologne","NP0041-17","UKKi012-A","SAMEA2825964","P001","SAMEG301524","depositor",,,,,
66540039,"Newcastle","PRPF31 HD","UNEWi001-A","SAMEA2629641","P001","SAMEG301741","depositor",,,,,
66540040,"Newcastle","PRPF31 AW","UNEWi002-A","SAMEA2629491","P001","SAMEG301740","depositor",,,,,
66540017,"Newcastle","PRPF31-SH","UNEWi004-A","SAMEA3275846","P001","SAMEG301545","depositor",,,,,
66540020,"Newcastle","PRPF31-RH ","UNEWi005-A","SAMEA3275904","P001","SAMEG301546","depositor",,,,,
66540041,"Newcastle","F07/402-1","UNEWi011-A","SAMEA2629624","P001","SAMEG301730","depositor",,,,,
66540057,"Newcastle","F12/94-1","UNEWi017-A","SAMEA3142096","P001","SAMEG301535","depositor",,,,,
66540012,"Newcastle","F12/296-1","UNEWi018-A","SAMEA3142165","P001","SAMEG301536","depositor",,,,,
66540021,"Newcastle","F12/437-2","UNEWi019-A","SAMEA3275958","P001","SAMEG301547","depositor",,,,,
66540174,"Newcastle","F018-A","UNEWi021-A","SAMEA4092799","P001","SAMEG307309","depositor",,,,,
66540175,"Newcastle","F018-B","UNEWi021-B","SAMEA4092819","P001","SAMEG307310","depositor",,,,,
66540176,"Newcastle","F018-C","UNEWi021-C","SAMEA4092855","P001","SAMEG307312","depositor",,,,,
66540177,"Newcastle","F181-A","UNEWi022-A","SAMEA4092883","P001","SAMEG307313","depositor",,,,,
66540178,"Newcastle","F181-B","UNEWi022-B","SAMEA4092901","P001","SAMEG307314","depositor",,,,,
66540179,"Newcastle","F181-C ","UNEWi022-C ","SAMEA4092914","P001","SAMEG307315","depositor",,,,,
66540441,"Newcastle","F343 clone 2","UNEWi023-A","SAMEA4567585","P001","SAMEG316945","depositor",,,,,
66540442,"Newcastle","F343 clone 3","UNEWi023-B","SAMEA4567587","P001","SAMEG316946","depositor",,,,,
66540443,"Newcastle","F343 clone 4","UNEWi023-C","SAMEA4567588","P001","SAMEG316947","depositor",,,,,
66540323,"Newcastle","F180-A","UNEWi024-A","SAMEA4446992","P001","SAMEG315032","depositor",,,,,
66540324,"Newcastle","F180-B","UNEWi024-B","SAMEA4447006","P001","SAMEG315033","depositor",,,,,
66540325,"Newcastle","F180-C","UNEWi024-C","SAMEA4447024","P001","SAMEG315034","depositor",,,,,
66540328,"Newcastle","F324-A","UNEWi025-A","SAMEA4447907","P001","SAMEG315313","depositor",,,,,
66540329,"Newcastle","F324-B","UNEWi025-B","SAMEA4447908","P001","SAMEG315314","depositor",,,,,
66540330,"Newcastle","F324-C","UNEWi025-C","SAMEA4447909","P001","SAMEG315315","depositor",,,,,
66540444,"Newcastle","SF116 clone 1","UNEWi026-A ","SAMEA4567589","P001","SAMEG316948","depositor",,,,,
66540445,"Newcastle","SF116 clone 2","UNEWi026-B","SAMEA4567590","P001","SAMEG316949","depositor",,,,,
66540446,"Newcastle","SF116 clone K","UNEWi026-C","SAMEA4567591","P001","SAMEG316950","depositor",,,,,
66540406,"Newcastle","F116","UNEWi027-A","SAMEA4458542","P001","SAMEG316406","depositor",,,,,
66540389,"Oxford Uni ","MK082-30","UOXFi002-B","SAMEA4458549","M001","SAMEG316404","central_facility",,,,,
66540398,"Oxford Uni ","OX2-28","UOXFi006-A","SAMEA4458551","M001","SAMEG316405","central_facility",,,,,
66540071,"Sanger","HPSI1213i-pahc_4","WTSIi001-A","SAMEA2547633","P001","SAMEG301698","depositor","15/04/001","45 labels printed and sent on 15/04/15",,,
66540072,"Sanger","HPSI0913i-eika_2","WTSIi002-A","SAMEA2590621","P001","SAMEG301699","depositor","15/04/002","45 labels printed and sent on 27/04/15",,,
66540073,"Sanger","HPSI1213i-hehd_2","WTSIi003-A","SAMEA2518322","P001",,"depositor","15/04/003","45 labels printed and sent on 27/04/15",,,
66540074,"Sanger","HPSI1113i-qolg_3","WTSIi004-A","SAMEA2464810","P001",,"depositor","15/04/004","45 labels printed and sent on 15/04/15",,,
66540108,"Sanger ","HPSI1113i-qolg_1","WTSIi004-B","SAMEA2464797","P001",,"depositor","15/10/002",,,,
66540075,"Sanger","HPSI1113i-podx_1","WTSIi005-A","SAMEA2533339","P001",,"depositor","15/04/005","45 labels printed and sent on 15/04/15",,,
66540109,"Sanger","HPSI1113i-podx_2","WTSIi005-B","SAMEA2533336","P001",,"depositor","15/10/006",,,,
66540076,"Sanger","HPSI1113i-hayt_1","WTSIi006-A","SAMEA2445790","P001",,"depositor","15/04/006","45 labels printed and sent on 27/04/15",,,
66540110,"Sanger","HPSI1113i-hayt_3","WTSIi006-B","SAMEA2445784","P001",,"depositor","15/10/007",,,,
66540077,"Sanger","HPSI1113i-dons_1","WTSIi007-A","SAMEA2459961","P001",,"depositor","15/04/007","45 labels printed and sent on 27/04/15",,,
66540078,"Sanger","HPSI1013i-kuxp_1","WTSIi008-A","SAMEA2547622","P001",,"depositor","15/04/008","45 labels printed and sent on 15/04/15",,,
66540079,"Sanger","HPSI0913i-diku_1","WTSIi009-A","SAMEA2593858","P001",,"depositor","15/04/009","45 labels printed and sent on 27/04/15",,,
66540080,"Sanger","HPSI0314i-xugn_1","WTSIi010-A","SAMEA2645811","P001",,"depositor","15/04/010","45 labels printed and sent on 15/04/15",,,
66540111,"Sanger","HPSI0314i-xugn_2","WTSIi010-B","SAMEA2645809","P001",,"depositor","15/10/008",,,,
66540081,"Sanger","HPSI0314i-qonc_2","WTSIi011-A","SAMEA2707507","P001",,"depositor","15/04/011","43 labels printed and sent on 15/04/15",,,
66540192,"Sanger ","HPSI0314i-qonc_1","WTSIi011-B","SAMEA2707499","P001",,"depositor","16/02/013","Printed by ZD 16 Feb 16",,,
66540082,"Sanger","HPSI0314i-bubh_1","WTSIi012-A","SAMEA2675459","P001",,"depositor","15/04/012","45 labels printed and sent on 27/04/15",,,
66540181,"Sanger ","HPSI0314i-bubh_3","WTSIi012-B","SAMEA2698309","P001",,"depositor","16/02/002","Printed by SP 11 Feb 16","Sent 12 Feb 16 via post ",,
66540083,"Sanger","HPSI0214i-kucg_2","WTSIi013-A","SAMEA2645814","P001",,"depositor","15/04/013","45 labels printed and sent on 27/04/15",,,
66540084,"Sanger","HPSI0214i-heja_2","WTSIi014-A","SAMEA2627578","P001","SAMEG301711","depositor","15/04/014","45 labels printed and sent on 27/04/15",,,
66540084,"Sanger","HPSI0214i-heja_2","WTSIi014-A","SAMEA2627578","P002","SAMEG307079","depositor","16/01/001","P002",,,
66540112,"Sanger","HPSI0214i-heja_1","WTSIi014-B","SAMEA2627577","P001","SAMEG305904","depositor","15/10/009",,,,
66540112,,"HPSI0214i-heja_1","WTSIi014-B","SAMEA2627577","P002","SAMEG307270","depositor","16/02/055",,,,
66540085,"Sanger","HPSI0114i-rozh_5","WTSIi015-A","SAMEA2555012","P001",,"depositor","15/04/015","45 labels printed and sent on 27/04/15",,,
66540113,"Sanger","HPSI0114i-rozh_4","WTSIi015-B","SAMEA2555017","P001",,"depositor","15/10/010",,,,
66540086,"Sanger","HPSI0114i-oevr_3","WTSIi016-A","SAMEA2570435","P001",,"depositor","15/04/016","45 labels printed and sent on 27/04/15",,,
66540087,"Sanger","HPSI0114i-lexy_2","WTSIi017-A","SAMEA2536404","P001",,"depositor","15/04/017","43 labels printed and sent on 15/04/15",,,
66540187,"Sanger ","HPSI0114i-lexy_1","WTSIi017-B","SAMEA2536416","P001",,"depositor","16/02/008","Printed by SP 12 Feb 16",,,
66540088,"Sanger","HPSI0114i-kolf_3","WTSIi018-A","SAMEA2547644","P001",,"depositor","15/04/018","45 labels printed and sent on 4/05/15",,,
66540180,"Sanger ","HPSI0114i-kolf_2","WTSIi018-B","SAMEA2547615","P001",,"depositor","16/02/001","Printed by SP 11 Feb 16","Sent 12 Feb 16 via post ",,
66540089,"Sanger","HPSI0114i-iisa_3","WTSIi019-A","SAMEA2536410","P001",,"depositor","15/04/019","43 labels printed and sent on 15/04/15",,,
66540129,"Sanger ","HPSI0114i-iisa_1","WTSIi019-B","SAMEA2536412","P001",,"depositor","15/11/007","50 Labels printed 26NOV15 SP",,,
66540090,"Sanger","HPSI0114i-eipl_1","WTSIi020-A","SAMEA2536417","P001",,"depositor","15/04/020","45 labels printed and sent on 27/04/15",,,
66540239,"Sanger ","HPSI0114i-eipl_3","WTSIi020-B","SAMEA2536405","P001",,"depositor","16/03/010","Labels printed 11 March 16, reprinted ZD 04-Apr-16",,,
66540091,"Sanger ","HPSI1013i-wuye_2","WTSIi021-A","SAMEA2518332","P001",,"depositor","15/06/001","50 labels printed and sent to Sanger 18 Jun 15 ",,,
66540114,"Sanger","HPSI1013i-wuye_3","WTSIi021-B","SAMEA2518334","P001",,"depositor","15/10/011",,,,
66540092,"Sanger ","HPSI1013i-yemz_1","WTSIi022-A","SAMEA2613912","P001",,"depositor","15/06/002","50 labels printed and sent to Sanger 18 Jun 15 ",,,
66540115,"Sanger","HPSI1013i-yemz_3","WTSIi022-B","SAMEA2613897","P001",,"depositor","15/10/012",,,,
66540093,"Sanger ","HPSI0114i-zapk_3 ","WTSIi023-A","SAMEA2570432","P001",,"depositor","15/06/003","50 labels printed and sent to Sanger 18 Jun 15 ",,,
66540261,"Sanger ","HPSI0114i-zapk_2","WTSIi023-B","SAMEA2570426","P001",,"depositor","16/03/029","ZD printed 04-Apr-16",,,
66540094,"Sanger ","HPSI0114i-vabj_3","WTSIi024-A","SAMEA2595426","P001",,"depositor","15/06/004","50 labels printed and sent to Sanger 18 Jun 15 ",,,
66540095,"Sanger ","HPSI1013i-pamv_1 ","WTSIi025-A","SAMEA2474458","P001",,"depositor","15/06/005","50 labels printed and sent to Sanger 18 Jun 15 ",,,
66540116,"Sanger","HPSI1013i-pamv_3","WTSIi025-B","SAMEA2474454","P001",,"depositor","15/10/013",,,,
66540096,"Sanger ","HPSI0314i-hoik_1","WTSIi026-A","SAMEA2698315","P001",,"depositor","15/06/006","50 labels printed and sent to Sanger 18 Jun 15 ",,,
66540097,"Sanger ","HPSI0913i-oapg_5","WTSIi027-A","SAMEA2547899","P001",,"depositor","15/06/007","50 labels printed and sent to Sanger 18 Jun 15 ",,,
66540098,"Sanger ","HPSI1213i-babk_2 ","WTSIi028-A","SAMEA2459959","P001",,"depositor","15/06/008","50 labels printed and sent to Sanger 18 Jun 15 ",,,
66540099,"Sanger ","HPSI1013i-garx_2","WTSIi029-A","SAMEA2398552","P001",,"depositor","15/06/009","50 labels printed and sent to Sanger 18 Jun 15 ",,,
66540100,"Sanger ","HPSI0214i-pelm_3","WTSIi030-A","SAMEA2678738","P001",,"depositor","15/06/010","50 labels printed and sent to Sanger 18 Jun 15 ",,,
66540128,"Sanger ","HPSI0214i-pelm_1","WTSIi030-B","SAMEA2678742","P001",,"depositor","15/11/006","50 Labels printed 26NOV15 SP",,,
66540101,"Sanger ","HPSI0314i-bipt_1","WTSIi031-A","SAMEA2719619","P001",,"depositor","15/06/011","50 labels printed and sent to Sanger 18 Jun 15 ",,,
66540102,"Sanger","HPSI1113i-bima_1 ","WTSIi032-A","SAMEA2433568","P001",,"depositor","15/06/012","50 labels printed and sent to Sanger 18 Jun 15 ",,,
66540103,"Sanger","HPSI1013i-aetc_1 ","WTSIi033-A ","SAMEA2398632","P001",,"depositor","15/07/001","SP printed labels + sent 04 AUG 15",,,
66540104,"Sanger","HPSI0913i-kojv_2 ","WTSIi034-A ","SAMEA2397798","P001",,"depositor","15/07/002","SP printed labels + sent 04 AUG 15",,,
66540105,"Sanger","HPSI0913i-gooj_1 ","WTSIi035-A ","SAMEA2398905","P001",,"depositor","15/07/003","SP printed labels + sent 04 AUG 15",,,
66540106,"Sanger","HPSI1113i-waus_1 ","WTSIi036-A ","SAMEA2469767","P001",,"depositor","15/07/004","SP printed labels + sent 04 AUG 15",,,
66540033,"Sanger","HPSI0114i-zoxy_3","WTSIi037-A","SAMEA2536413","P001",,"depositor","15/09/001","EW printed 45 labels and sent 24 SEP15",,,
66540034,"Sanger","HPSI1113i-ieki_3","WTSIi038-A","SAMEA2445787","P001","SAMEG305801","depositor","15/09/002","EW printed 45 labels and sent 24 SEP15",,,
66540034,"Sanger","HPSI1113i-ieki_3","WTSIi038-A","SAMEA2445787","P002","SAMEG307080","depositor","16/01/002",,,,
66540117,"Sanger","HPSI1113i-ieki_2","WTSIi038-B","SAMEA2445779","P001",,"depositor","15/10/014",,,,
66540035,"Sanger","HPSI1013i-wopl_1","WTSIi039-A","SAMEA2398080","P001",,"depositor","15/09/003","EW printed 45 labels and sent 24 SEP15",,,
66540036,"Sanger","HPSI0314i-qaqx_1","WTSIi040-A","SAMEA2658084","P001",,"depositor","15/09/004","EW printed 45 labels and sent 24 SEP15",,,
66540037,"Sanger","HPSI0114i-bezi_1","WTSIi041-A","SAMEA2518325","P001",,"depositor","15/09/005","EW printed 45 labels and sent 24 SEP15",,,
66540038,"Sanger","HPSI1013i-jufd_2","WTSIi042-A","SAMEA2399463","P001",,"depositor","15/09/006","EW printed 45 labels and sent 24 SEP15",,,
66540182,"Sanger ","HPSI1013i-jufd_3","WTSIi042-B","SAMEA2399461","P001",,"depositor","16/02/003","Printed by SP 11 Feb 16","Sent 12 Feb 16 via post ",,
66540118,"Sanger","HPSI0214i-eiwy_1","WTSIi044-A","SAMEA2645805","P001",,"depositor","15/10/015",,,,
66540119,"Sanger","HPSI0214i-heth_1","WTSIi045-A","SAMEA2658090","P001",,"depositor","15/10/016","50 Vial labels printed",,,
66540120,"Sanger","HPSI0214i-wibj_2","WTSIi046-A","SAMEA2627567","P001","SAMEG305912","depositor","15/10/017",,,,
66540224,"Sanger ","HPSI0214i-wibj_2","WTSIi046-A","SAMEA3311866","P002","SAMEG307375","depositor","16/02/045","Printed by SP 19 Feb 16",,,
66540255,"Sanger ","HPSI0214i-wibj_1","WTSIi046-B","SAMEA2627566","P001","SAMEG313654","depositor","16/03/026","Labels printed 11 March 16, contaminated at Sanger ",,,
66540255,"Sanger ","HPSI0214i-wibj_1","WTSIi046-B","SAMEA2627566","P002","SAMEG315832","depositor",,"P002 requested due to contamination of P001 ZD printed 05-May-16",,,
66540121,"Sanger","HPSI0814i-bokz_5","WTSIi047-A","SAMEA3355549","P001",,"depositor","15/10/018",,,,
66540122,"Sanger","HPSI0814i-bokz_6","WTSIi047-B","SAMEA3355550","P001",,"depositor","15/10/019",,,,
66540127,"Sanger ","HPSI0214i-datg_2","WTSIi048-A","SAMEA2632921","P001",,"depositor","15/11/005","50 Labels printed 26NOV15 SP",,,
66540126,"Sanger ","HPSI0514i-wiii_2","WTSIi049-A","SAMEA3312840","P001",,"depositor","15/11/004","50 Labels printed 26NOV15 SP",,,
66540125,"Sanger ","HPSI0514i-wiii_3","WTSIi049-B","SAMEA3316296","P001",,"depositor","15/11/003","50 Labels printed 26NOV15 SP",,,
66540152,"Sanger ","HPSI1014i-toss_3","WTSIi050-A","SAMEA3335591","P001","SAMEG306599","depositor","15/11/031","50 Labels printed",,,
66540151,"Sanger ","HPSI1113i-uofv_1","WTSIi051-A","SAMEA2464819","P001","SAMEG306600","depositor","15/11/030","50 Labels printed",,,
66540046,"Sanger ","HPSI1114i-ziyn_6","WTSIi052-A","SAMEA3311866","P001","SAMEG306601","depositor","15/11/029","50 Labels printed",,,
66540046,"Sanger ","HPSI1114I-ziyn_6","WTSIi052-A","SAMEA3311866","P002","SAMEG307376","depositor","16/02/046","Printed by SP 19 Feb 16, re-rpinted ZD 05-Apr-16",,,
66540150,"Sanger ","HPSI0413i-corn_1","WTSIi053-A","SAMEA2677117","P001","SAMEG306602","depositor","15/11/028","50 Labels printed",,,
66540149,"Sanger ","HPSI0413i-nudd_1","WTSIi054-A","SAMEA2399199","P001","SAMEG306603","depositor","15/11/027","50 Labels printed",,,
66540149,"Sanger","HPSI0413i-nudd_1","WTSIi054-A","SAMEA2399199","P002","SAMEG307488","depositor","16/02/050","Printed by SP 19 Feb 16",,,
66540247,"Sanger ","HPSI0413i-nudd_6","WTSIi054-B","SAMEA2398822","P001",,"depositor","16/03/018","Labels printed 11 March 16",,,
66540148,"Sanger ","HPSI0513i-debk_9","WTSIi055-A","SAMEA2399146","P001",,"depositor","15/11/026","50 Labels printed",,,
66540147,"Sanger ","HPSI0513i-dipe_1","WTSIi056-A","SAMEA2398050","P001",,"depositor","15/11/025","50 Labels printed",,,
66540146,"Sanger ","HPSI0513i-giuf_3","WTSIi057-A","SAMEA2398005","P001",,"depositor","15/11/024","50 Labels printed",,,
66540242,"Sanger ","HPSI0513i-giuf_1","WTSIi057-B","SAMEA2398296","P001",,"depositor","16/03/013","ZD printed 04-Apr-16",,,
66540145,"Sanger ","HPSI0513i-suzg_3","WTSIi058-A","SAMEA2399150","P001","SAMEG306607","depositor","15/11/023","50 Labels printed",,,
66540144,"Sanger ","HPSI0513i-uilw_1","WTSIi059-A","SAMEA2398838","P001","SAMEG306608","depositor","15/11/022","50 Labels printed",,,
66540143,"Sanger ","HPSI0513i-veqz_6","WTSIi060-A","SAMEA2398734","P001","SAMEG306609","depositor","15/11/021","50 Labels printed",,,
66540142,"Sanger ","HPSI0513i-veve_2","WTSIi061-A","SAMEA2397967","P001","SAMEG306610","depositor","15/11/020","50 Labels printed",,,
66540141,"Sanger ","HPSI0513i-zaui_3","WTSIi062-A","SAMEA2459960","P001","SAMEG306611","depositor","15/11/019","50 Labels printed",,,
66540140,"Sanger ","HPSI0613i-aevs_1","WTSIi063-A","SAMEA2398691","P001","SAMEG306612","depositor","15/11/018","50 Labels printed",,,
66540139,"Sanger ","HPSI0613i-bohf_1","WTSIi064-A","SAMEA2398251","P001",,"depositor","15/11/017","50 Labels printed",,,
66540138,"Sanger ","HPSI0613i-eojr_2","WTSIi065-A","SAMEA2399151","P001",,"depositor","15/11/016","50 Labels printed",,,
66540137,"Sanger ","HPSI0613i-eojr_3","WTSIi065-B","SAMEA2398291","P001",,"depositor","15/11/015","50 Labels printed",,,
66540136,"Sanger ","HPSI0613i-febc_1","WTSIi066-A","SAMEA2398252","P001",,"depositor","15/11/014","50 Labels printed",,,
66540135,"Sanger ","HPSI0613i-febc_2","WTSIi066-B","SAMEA2399014","P001",,"depositor","15/11/013","50 Labels printed",,,
66540133,"Sanger ","HPSI0713i-foop_1","WTSIi067-A","SAMEA2399242","P001",,"depositor","15/11/011","50 Labels printed 26NOV15 SP",,,
66540134,"Sanger ","HPSI0713i-foop_2","WTSIi067-B","SAMEA2398732","P001",,"depositor","15/11/012","50 Labels printed 26NOV15 SP",,,
66540132,"Sanger ","HPSI0613i-giuo_5","WTSIi068-A","SAMEA2399222","P001",,"depositor","15/11/010","50 Labels printed 26NOV15 SP",,,
66540153,"Sanger ",,"WTSIi069-A","SAMEA2398257","P001",,"depositor","15/12/002","50 Labels printed 08 Dec 15",,,
66540131,"Sanger ","HPSI0713i-terl_1","WTSIi070-A","SAMEA2397851","P001",,"depositor","15/11/009","50 Labels printed 26NOV15 SP",,,
66540130,"Sanger ","HPSI0713i-terl_2","WTSIi070-B","SAMEA2398335","P001",,"depositor","15/11/008","50 Labels printed 26NOV15 SP",,,
66540183,"Sanger ","HPSI0913i-lise_1","WTSIi071-A","SAMEA2625592","P001",,"depositor","16/02/004","Printed by SP 11 Feb 16","Sent 12 Feb 16 via post ",,
66540193,"Sanger ","HPSI0913i-lise_3","WTSIi071-B","SAMEA2625589","P001",,"depositor","16/02/014","Printed by ZD 16 Feb 16",,,
66540184,"Sanger ","HPSI0114i-fikt_3","WTSIi072-A","SAMEA2547619","P001",,"depositor","16/02/005","Printed by SP 12 Feb 16",,,
66540185,"Sanger ","HPSI0314i-sojd_3","WTSIi073-A","SAMEA2627569","P001",,"depositor","16/02/006","Printed by SP 12 Feb 16",,,
66540253,"Sanger ","HPSI0314i-sojd_2","WTSIi073-B","SAMEA2627571","P001",,"depositor","16/03/024","ZD printed 04-Apr-16",,,
66540186,"Sanger ","HPSI0114i-joxm_1","WTSIi074-A","SAMEA2547637","P001",,"depositor","16/02/007","Printed by SP 11 Feb 16","Sent 12 Feb 16 via post ",,
66540188,"Sanger ","HPSI0114i-vass_1","WTSIi075-A","SAMEA2627141","P001",,"depositor","16/02/009","Printed by SP 12 Feb 16",,,
66540189,"Sanger ","HPSI0214i-kehc_2","WTSIi076-A","SAMEA2658107","P001",,"depositor","16/02/010","Printed by ZD 16 Feb 16",,,
66540190,"Sanger ","HPSI0314i-cuhk_1","WTSIi077-A","SAMEA2682671","P001",,"depositor","16/02/011","Printed by SP 11 Feb 16","Sent 12 Feb 16 via post ",,
66540191,"Sanger ","HPSI0314i-fafq_1","WTSIi078-A","SAMEA2711371","P001",,"depositor","16/02/012","Printed by ZD 16 Feb 16",,,
66540194,"Sanger ","HPSI1013i-hiaf_2","WTSIi079-A","SAMEA2609971","P001",,"depositor","16/02/015","Printed by SP 11 Feb 16","Sent 12 Feb 16 via post ",,
66540195,"Sanger ","HPSI1013i-sebz_1","WTSIi080-A","SAMEA2420640","P001",,"depositor","16/02/016","Printed by ZD 16 Feb 16",,,
66540196,"Sanger ","HPSI1113i-qorq_2","WTSIi081-A","SAMEA2609965","P001",,"depositor","16/02/017","Printed by SP 17 Feb 16",,,
66540197,"Sanger ","HPSI1113i-qorq_1","WTSIi081-B","SAMEA2609972","P001",,"depositor","16/02/018","Printed by SP 17 Feb 16",,,
66540198,"Sanger ","HPSI1213i-xuja_2","WTSIi083-A","SAMEA2494988","P001",,"depositor","16/02/019","Printed by SP 17 Feb 16 ",,,
66540199,"Sanger ","HPSI0713i-cicb_3","WTSIi084-A","SAMEA2398485","P001",,"depositor","16/02/020","Printed by SP 11 Feb 16","Sent 12 Feb 16 via post ",,
66540200,"Sanger ","HPSI0713i-cicb_2","WTSIi084-B","SAMEA2398319","P001",,"depositor","16/02/021","Printed by SP 11 Feb 16","Sent 12 Feb 16 via post ",,
66540201,"Sanger ","HPSI0913i-coyi_3","WTSIi086-A","SAMEA2397914","P001",,"depositor","16/02/022","Printed by SP 11 Feb 16","Sent 12 Feb 16 via post ",,
66540202,"Sanger ","HPSI0813i-uaqe_1","WTSIi087-A","SAMEA2398377","P001",,"depositor","16/02/023","Printed by SP 18 Feb 16",,,
66540203,"Sanger ","HPSI0913i-ruql_3","WTSIi088-A","SAMEA2518336","P001",,"depositor","16/02/024","Printed by SP 18 Feb 16",,,
66540204,"Sanger ","HPSI0613i-xavk_3","WTSIi089-A","SAMEA2397946","P001",,"depositor","16/02/025","Printed by SP 11 Feb 16","Sent 12 Feb 16 via post ",,
66540205,"Sanger ","HPSI0813i-robp_3","WTSIi090-A","SAMEA2398670","P001",,"depositor","16/02/026","Printed by SP 11 Feb 16","Sent 12 Feb 16 via post ",,
66540206,"Sanger ","HPSI0813i-ffdc_11","WTSIi091-A","SAMEA2398313","P001",,"depositor","16/02/027","Printed by SP 18 Feb 16",,,
66540207,"Sanger ","HPSI0713i-nemb_1","WTSIi092-A","SAMEA2398231","P001",,"depositor","16/02/028","Printed by SP 11 Feb 16","Sent 12 Feb 16 via post ",,
66540208,"Sanger ","HPSI0413i-sukz_1","WTSIi093-A","SAMEA2398007","P001",,"depositor","16/02/029","Printed by ZD 11 Feb 16","Sent 12 Feb 16 via post ",,
66540209,"Sanger ","HPSI0613i-xucm_3","WTSIi094-A","SAMEA2469776","P001",,"depositor","16/02/030","Printed by ZD 11 Feb 16","Sent 12 Feb 16 via post ",,
66540210,"Sanger ","HPSI0813i-vajx_2","WTSIi095-A","SAMEA2555015","P001",,"depositor","16/02/031","Printed by ZD 11 Feb 16","Sent 12 Feb 16 via post ",,
66540211,"Sanger ","HPSI0813i-guss_1","WTSIi096-A","SAMEA2697659","P001",,"depositor","16/02/032","Printed by SP 18 Feb 16",,,
66540212,"Sanger ","HPSI0813i-aizi_3","WTSIi097-A","SAMEA2420639","P001",,"depositor","16/02/033","Printed by SP 18 Feb 16",,,
66540213,"Sanger ","HPSI0813i-aizi_1","WTSIi097-B","SAMEA2420642","P001",,"depositor","16/02/034","Spreadsheet complete ready to be printed. ",,,
66540214,"Sanger ","HPSI0813i-civh_1","WTSIi099-A","SAMEA2397802","P001",,"depositor","16/02/035","Printed by SP 12 Feb 16",,,
66540215,"Sanger ","HPSI0813i-zexw_3","WTSIi100-A","SAMEA2625596","P001",,"depositor","16/02/036","Printed by SP 12 Feb 16",,,
66540216,"Sanger ","HPSI0513i-fejf_2","WTSIi101-A","SAMEA2398812","P001",,"depositor","16/02/037","Printed by SP 12 Feb 16",,,
66540217,"Sanger ","HPSI0413i-iakz_2","WTSIi102-A","SAMEA2397889","P001",,"depositor","16/02/038","Printed by SP 12 Feb 16",,,
66540218,"Sanger ","HPSI0413i-iakz_1","WTSIi102-B","SAMEA2398858","P001",,"depositor","16/02/039","Printed by SP 12 Feb 16",,,
66540219,"Sanger ","HPSI0513i-coio_2","WTSIi104-A","SAMEA2398916","P001",,"depositor","16/02/040","Printed by SP 12 Feb 16",,,
66540220,"Sanger ","HPSI0513i-coio_1","WTSIi104-B","SAMEA2398024","P001",,"depositor","16/02/041","Printed by SP 12 Feb 16",,,
66540232,"Sanger ","HPSI0313i-airc_66","WTSIi105-B","SAMEA2399089","P001","SAMEG313658","depositor","16/03/003","Labels printed 02 March 16",,,
66540232,"Sanger ","HPSI0313i-airc_66","WTSIi105-B","SAMEA2399089","P002","SAMEG316817","depositor",,"ZD printed 04-Jul-16",,,
66540221,"Sanger ","HPSI0613i-hikj_2","WTSIi106-A","SAMEA2398233","P001",,"depositor","16/02/042","Printed by SP 12 Feb 16",,,
66540222,"Sanger ","HPSI0813i-iill_1","WTSIi107-A","SAMEA2398643","P001",,"depositor","16/02/043","Printed by SP 12 Feb 16",,,
66540223,"Sanger ","HPSI0813i-iill_3","WTSIi107-B","SAMEA2399058","P001",,"depositor","16/02/044","Printed by SP 12 Feb 16",,,
66540234,"Sanger ","HPSI0413i-coxy_33","WTSIi109-B","SAMEA2398219","P001",,"depositor","16/03/005","Labels printed 02 March 16",,,
66540241,"Sanger ","HPSI0913i-gedo_33","WTSIi113-B","SAMEA2398982","P001",,"depositor","16/03/012","Labels printed 14 March 16 ZD ",,,
66540230,"Sanger ","HPSI0713i-aehn_22","WTSIi130-A","SAMEA2398712","P001",,"depositor","16/03/001","Labels printed 02 March 16",,,
66540231,"Sanger ","HPSI0513i-aipt_33","WTSIi131-A","SAMEA2398868","P001",,"depositor","16/03/002","Labels printed 02 March 16",,,
66540233,"Sanger ","HPSI0613i-bawa_1","WTSIi132-A","SAMEA2493816","P001",,"depositor","16/03/004","Labels printed 02 March 16",,,
66540235,"Sanger ","HPSI0713i-dard_1","WTSIi133-A","SAMEA2398125","P001",,"depositor","16/03/006","Labels printed 02 March 16",,,
66540236,"Sanger ","HPSI0713i-dard_2","WTSIi133-B","SAMEA2397935","P001",,"depositor","16/03/007","Labels printed 07 March 16",,,
66540237,"Sanger ","HPSI0513i-dulv_1","WTSIi134-A","SAMEA2398925","P001",,"depositor","16/03/008","Labels printed 11 March 16",,,
66540238,"Sanger ","HPSI0513i-dulv_2","WTSIi134-B","SAMEA2398957","P001",,"depositor","16/03/009","Labels printed 11 March 16",,,
66540240,"Sanger ","HPSI0214i-feec_2","WTSIi135-A","SAMEA2612471","P001",,"depositor","16/03/011","Labels printed 11 March 16",,,
66540243,"Sanger ","HPSI0913i-iuqb_1","WTSIi136-A","SAMEA2399071","P001",,"depositor","16/03/014","Labels printed 14 March 16 ZD ",,,
66540244,"Sanger ","HPSI0613i-lizq_1","WTSIi137-A","SAMEA2398446","P001",,"depositor","16/03/015","Labels printed 14 March 16 ZD ",,,
66540245,"Sanger ","HPSI0613i-lizq_3","WTSIi137-B","SAMEA2399088","P001",,"depositor","16/03/016","Labels printed 11 March 16",,,
66540246,"Sanger ","HPSI0414i-mita_2","WTSIi138-A","SAMEA2724743","P001",,"depositor","16/03/017","Labels printed 14 March 16 ZD ",,,
66540248,"Sanger ","HPSI1113i-oaaz_2","WTSIi139-A","SAMEA2459970","P001",,"depositor","16/03/019","ZD printed 04-Apr-16",,,
66540249,"Sanger ","HPSI0613i-oomz_22","WTSIi140-A","SAMEA2398841","P001",,"depositor","16/03/020","ZD printed 04-Apr-16",,,
66540250,"Sanger ","HPSI0613i-qanu_1","WTSIi141-A","SAMEA2399142","P001",,"depositor","16/03/021","Labels printed 11 March 16",,,
66540251,"Sanger ","HPSI0613i-qony_1","WTSIi142-A","SAMEA2398374","P001",,"depositor","16/03/022","Labels printed 11 March 16",,,
66540252,"Sanger ","HPSI0214i-rayr_1","WTSIi143-A","SAMEA2649534","P001",,"depositor","16/03/023","ZD printed 04-Apr-16",,,
66540254,"Sanger ","HPSI0114i-wegi_1","WTSIi144-A","SAMEA2547631","P001",,"depositor","16/03/025","ZD printed 04-Apr-16",,,
66540256,"Sanger ","HPSI0813i-wots_3","WTSIi145-A","SAMEA2697658","P001",,"depositor","16/03/027","Labels printed 11 March 16",,,
66540257,"Sanger ","HPSI0613i-xosg_2","WTSIi146-A","SAMEA2678739","P001",,"depositor","16/03/028","ZD printed 04-Apr-16",,,
66540301,"Sanger ","HPSI1013i-mijn_2             ","WTSIi147-A         ","SAMEA2398385","P001",,"depositor",,"ZD printed 06-Apr-16",,,
66540302,"Sanger ","HPSI0114i-veui_3             ","WTSIi148-A         ","SAMEA2464772","P001",,"depositor",,"ZD printed 06-Apr-16",,,
66540303,"Sanger ","HPSI0913i-laia_4               ","WTSIi149-A        ","SAMEA3356002","P001",,"depositor",,"ZD printed 06-Apr-16",,,
66540304,"Sanger ","HPSI0414i-jetz_1              ","WTSIi150-A         ","SAMEA2729778","P001",,"depositor",,"ZD printed 06-Apr-16",,,
66540305,"Sanger ","HPSI0414i-fixm_2             ","WTSIi151-A         ","SAMEA2757093","P001",,"depositor",,"ZD printed 06-Apr-16",,,
66540306,"Sanger ","HPSI0414i-eafb_1            ","WTSIi152-A         ","SAMEA2769874","P001",,"depositor",,"ZD printed 06-Apr-16",,,
66540307,"Sanger ","HPSI0414i-puvg_1            ","WTSIi153-A         ","SAMEA2769876","P001",,"depositor",,"ZD printed 06-Apr-16",,,
66540308,"Sanger ","HPSI0414i-lavd_2             ","WTSIi154-A         ","SAMEA2777396","P001",,"depositor",,"ZD printed 06-Apr-16",,,
66540309,"Sanger ","HPSI0414i-hutq_1            ","WTSIi155-A         ","SAMEA2777391","P001",,"depositor",,"ZD printed 06-Apr-16",,,
66540310,"Sanger ","HPSI0414i-xugr_2             ","WTSIi156-A         ","SAMEA2794309","P001",,"depositor",,"ZD printed 06-Apr-16",,,
66540311,"Sanger ","HPSI0614i-eavo_1            ","WTSIi157-A         ","SAMEA3271659","P001",,"depositor",,"ZD printed 06-Apr-16",,,
66540312,"Sanger ","HPSI0914i-fuhz_1             ","WTSIi158-A         ","SAMEA3313418","P001",,"depositor",,"ZD printed 06-Apr-16",,,
66540313,"Sanger ","HPSI0714i-gibe_2             ","WTSIi159-A         ","SAMEA3336930","P001",,"depositor",,"ZD printed 06-Apr-16",,,
66540314,"Sanger ","HPSI0914i-verf_1             ","WTSIi160-A         ","SAMEA3340804","P001","SAMEG314603","depositor",,"ZD printed 06-Apr-16",,,
66540314,"Sanger ","HPSI0914i-verf_1             ","WTSIi160-A         ","SAMEA3340804","P002","SAMEG316818","depositor",,"ZD printed 04-Jul-16",,,
66540315,"Sanger ","HPSI0714i-rajk_1              ","WTSIi161-A         ","SAMEA3355533","P001",,"depositor",,"ZD printed 06-Apr-16",,,
66540316,"Sanger ","HPSI0914i-lopq_1             ","WTSIi162-A         ","SAMEA3355534","P001",,"depositor",,"ZD printed 06-Apr-16",,,
66540317,"Sanger ","HPSI1014i-suok_3            ","WTSIi163-A         ","SAMEA3355538","P001",,"depositor",,"ZD printed 06-Apr-16",,,
66540318,"Sanger ","HPSI0614i-foyj_1              ","WTSIi164-A         ","SAMEA3355547","P001",,"depositor",,"ZD printed 06-Apr-16",,,
66540319,"Sanger ","HPSI0414i-reng_4            ","WTSIi165-A         ","SAMEA3358976","P001",,"depositor",,"ZD printed 06-Apr-16",,,
66540320,"Sanger ","HPSI0414i-wize_1           ","WTSIi166-A         ","SAMEA3374096","P001",,"depositor",,"ZD printed 06-Apr-16",,,
66540321,"Sanger ","HPSI1013i-funy_1            ","WTSIi167-A         ","SAMEA2398081","P001",,"depositor",,"ZD printed 06-Apr-16",,,
66540336,"Sanger ","HPSI0214i-poih_4","WTSIi168-A","SAMEA3969686","P001",,"depositor",,"HRM printed ",,,
66540378,"Sanger ","HPSI0214i-poih_2  ","WTSIi168-B","SAMEA3968761","P001",,"depositor",,"ZD printed 03 Jun 16",,,
66540337,"Sanger ","HPSI0614i-miaj_6","WTSIi169-A","SAMEA3962387","P001",,"depositor",,"LC printed ",,,
66540408,"Sanger ","HPSI0614i-miaj_4","WTSIi169-B","SAMEA3854313","P001",,"depositor",,"ZD pritned 21-Jun-16",,,
66540338,"Sanger ","HPSI1213i-tolg_4","WTSIi170-A","SAMEA3974244","P001",,"depositor",,"LC printed ",,,
66540339,"Sanger ","HPSI1213i-tolg_6","WTSIi170-B","SAMEA3974241","P001",,"depositor",,"LC printed ",,,
66540340,"Sanger ","HPSI0914i-zerv_7","WTSIi171-A","SAMEA4089453","P001",,"depositor",,"LC printed ",,,
66540341,"Sanger ","HPSI0914i-zerv_8","WTSIi171-B","SAMEA4089454","P001",,"depositor",,"LC printed ",,,
66540342,"Sanger ","HPSI0914i-laey_6","WTSIi172-A","SAMEA3853161","P001",,"depositor",,"LC printed ",,,
66540343,"Sanger ","HPSI0914i-laey_4","WTSIi172-B","SAMEA3853157","P001","SAMEG315617","depositor",,"HB printed ",,,
66540343,"Sanger ","HPSI0914i-laey_4","WTSIi172-B","SAMEA3853157","P002","SAMEG316864","depositor",,"ZD printed 14-Jul-16",,,
66540344,"Sanger ","HPSI0414i-naju_1","WTSIi173-A","SAMEA3962372","P001",,"depositor",,"HB printed ",,,
66540345,"Sanger ","HPSI0614i-paab_4","WTSIi174-A","SAMEA3962562","P001",,"depositor",,"HB printed ",,,
66540379,"Sanger ","HPSI0614i-paab_3  ","WTSIi174-B","SAMEA3962561","P001",,"depositor",,"ZD printed 03 Jun 16",,,
66540346,"Sanger ","HPSI1014i-tixi_4","WTSIi175-A","SAMEA3962389","P001",,"depositor",,"HB printed ",,,
66540347,"Sanger ","HPSI0714i-iudw_1","WTSIi176-A","SAMEA3851971","P001",,"depositor",,"HB printed ",,,
66540348,"Sanger ","HPSI0714i-iudw_4","WTSIi176-B","SAMEA3851966","P001",,"depositor",,"HB printed 12 May16",,,
66540349,"Sanger ","HPSI0414i-xojn_3","WTSIi177-A","SAMEA3854068","P001",,"depositor",,"HB printed 12 May16",,,
66540350,"Sanger ","HPSI0215i-fawm_2","WTSIi178-A","SAMEA3735541","P001",,"depositor",,"HB printed 12 May16",,,
66540351,"Sanger ","HPSI0215i-fawm_4","WTSIi178-B","SAMEA3754916","P001",,"depositor",,"HB printed 12 May16",,,
66540352,"Sanger ","HPSI0314i-wigw_2","WTSIi179-A","SAMEA3969710","P001",,"depositor",,"HB printed 12 May16",,,
66540353,"Sanger ","HPSI0514i-puie_4","WTSIi180-A","SAMEA3962563","P001",,"depositor",,"HB printed 12 May16",,,
66540409,"Sanger ","HPSI0514i-puie_5","WTSIi180-B","SAMEA3962560","P001",,"depositor",,"ZD pritned 21-Jun-16",,,
66540354,"Sanger ","HPSI0514i-rutc_2","WTSIi181-A","SAMEA3974014","P001",,"depositor",,"HB printed 12 May16",,,
66540355,"Sanger ","HPSI0614i-kegd_2","WTSIi182-A","SAMEA3977051","P001",,"depositor",,"HB printed 12 May16",,,
66540380,"Sanger ","HPSI0414i-oaqd_2  ","WTSIi183-A","SAMEA3854308","P001",,"depositor",,"ZD printed 08 Jun 16",,,
66540381,"Sanger ","HPSI0414i-oaqd_3  ","WTSIi183-B","SAMEA3965164","P001",,"depositor",,"ZD printed 08 Jun 16",,,
66540382,"Sanger ","HPSI1014i-qayj_3  ","WTSIi184-A","SAMEA3963885","P001",,"depositor",,"ZD printed 08 Jun 16",,,
66540410,"Sanger ","HPSI1014i-qayj_4","WTSIi184-B","SAMEA3963884","P001",,"depositor",,"ZD pritned 21-Jun-16",,,
66540383,"Sanger ","HPSI0414i-seru_7  ","WTSIi185-A","SAMEA3965165","P001",,"depositor",,"ZD printed 08 Jun 16",,,
66540411,"Sanger ","HPSI1014i-babz_3","WTSIi186-A","SAMEA3854226","P001",,"depositor",,"ZD pritned 21-Jun-16",,,
66540412,"Sanger ","HPSI1013i-sita_1","WTSIi187-A","SAMEA3848359","P001",,"depositor",,"ZD printed 22-Jun-16",,,
66540413,"Sanger ","HPSI1014i-kefb_1","WTSIi188-A","SAMEA3853038","P001",,"depositor",,"ZD printed 22-Jun-16",,,
66540414,"Sanger ","HPSI1014i-quls_2","WTSIi189-A ","SAMEA3966392","P001",,"depositor",,"ZD printed 22-Jun-16",,,
66540415,"Sanger ","HPSI0914i-kajh_3","WTSIi190-A","SAMEA3854215","P001",,"depositor",,"ZD printed 22-Jun-16",,,
66540416,"Sanger ","HPSI0914i-kajh_2","WTSIi190-B","SAMEA3853122","P001",,"depositor",,"ZD printed 22-Jun-16",,,
66540417,"Sanger ","HPSI0215i-oilg_3","WTSIi191-A ","SAMEA3485962","P001",,"depositor",,"ZD printed 22-Jun-16",,,
66540426,"Sanger ","HPSI0414i-biiw_1","WTSIi192-A","SAMEA2733282","P001",,"depositor",,"ZD printed 14-Jul-16",,,
66540427,"Sanger ","HPSI0414i-cekz_1","WTSIi193-A","SAMEA2698314","P001",,"depositor",,"ZD printed 14-Jul-16",,,
66540428,"Sanger ","HPSI0614i-dixh_2","WTSIi194-A","SAMEA3283000","P001",,"depositor",,"ZD printed 14-Jul-16",,,
66540429,"Sanger ","HPSI0414i-eevy_6","WTSIi195-A","SAMEA3848091","P001",,"depositor",,"ZD printed 14-Jul-16",,,
66540430,"Sanger ","HPSI0414i-eevy_7","WTSIi195-B","SAMEA3848092","P001",,"depositor",,"ZD printed 14-Jul-16",,,
66540431,"Sanger ","HPSI0514i-eoxi_6","WTSIi196-A","SAMEA3355542","P001",,"depositor",,"ZD printed 14-Jul-16",,,
66540432,"Sanger ","HPSI0714i-fasu_2","WTSIi197-A","SAMEA3355537","P001",,"depositor",,"ZD printed 14-Jul-16",,,
66540433,"Sanger ","HPSI0414i-fuai_1","WTSIi198-A","SAMEA2796155","P001",,"depositor",,"ZD printed 14-Jul-16",,,
66540434,"Sanger ","HPSI0614i-guyj_2","WTSIi199-A","SAMEA3292099","P001",,"depositor",,"ZD printed 14-Jul-16",,,
66540435,"Sanger ","HPSI0414i-kefk_2","WTSIi200-A","SAMEA2733285","P001",,"depositor",,"ZD printed 14-Jul-16",,,
66540436,"Sanger ","HPSI0614i-koqx_1","WTSIi201-A","SAMEA3283863","P001",,"depositor",,"ZD printed 14-Jul-16",,,
66540437,"Sanger ","HPSI0714i-oebj_1","WTSIi202-A","SAMEA3355551","P001",,"depositor",,"ZD printed 14-Jul-16",,,
66540438,"Sanger ","HPSI0714i-oojs_1","WTSIi203-A","SAMEA3339626","P001",,"depositor",,"ZD printed 14-Jul-16",,,
66540439,"Sanger ","HPSI0414i-oulr_2","WTSIi204-A","SAMEA3847989","P001",,"depositor",,"ZD printed 14-Jul-16",,,
66540440,"Sanger ","HPSI0514i-pulk_1","WTSIi205-A","SAMEA3282740","P001",,"depositor",,"ZD printed 14-Jul-16",,,
