"vial","vial name now","line","donor","batch","batch name","batch type"
"SAMEA103883939","UKKi023-A vial 01","SAMEA17630668","SAMEA17631418","SAMEG317574","P001","depositor"
"SAMEA103883925","UKKi023-A vial 02","SAMEA17630668","SAMEA17631418","SAMEG317574","P001","depositor"
"SAMEA103883935","UKKi023-A vial 03","SAMEA17630668","SAMEA17631418","SAMEG317574","P001","depositor"
"SAMEA103883921","UKKi023-A vial 04","SAMEA17630668","SAMEA17631418","SAMEG317574","P001","depositor"
"SAMEA103883932","UKKi023-A vial 05","SAMEA17630668","SAMEA17631418","SAMEG317574","P001","depositor"
"SAMEA103883943","UKKi023-A vial 06","SAMEA17630668","SAMEA17631418","SAMEG317574","P001","depositor"
"SAMEA103883928","UKKi023-A vial 07","SAMEA17630668","SAMEA17631418","SAMEG317574","P001","depositor"
"SAMEA103883938","UKKi023-A vial 08","SAMEA17630668","SAMEA17631418","SAMEG317574","P001","depositor"
"SAMEA103883923","UKKi023-A vial 09","SAMEA17630668","SAMEA17631418","SAMEG317574","P001","depositor"
"SAMEA103883931","UKKi023-A vial 10","SAMEA17630668","SAMEA17631418","SAMEG317574","P001","depositor"
"SAMEA103883942","UKKi023-A vial 11","SAMEA17630668","SAMEA17631418","SAMEG317574","P001","depositor"
"SAMEA103883927","UKKi023-A vial 12","SAMEA17630668","SAMEA17631418","SAMEG317574","P001","depositor"
"SAMEA103883937","UKKi023-A vial 13","SAMEA17630668","SAMEA17631418","SAMEG317574","P001","depositor"
"SAMEA103883922","UKKi023-A vial 14","SAMEA17630668","SAMEA17631418","SAMEG317574","P001","depositor"
"SAMEA103883934","UKKi023-A vial 15","SAMEA17630668","SAMEA17631418","SAMEG317574","P001","depositor"
"SAMEA103883945","UKKi023-A vial 16","SAMEA17630668","SAMEA17631418","SAMEG317574","P001","depositor"
"SAMEA103883930","UKKi023-A vial 17","SAMEA17630668","SAMEA17631418","SAMEG317574","P001","depositor"
"SAMEA103883941","UKKi023-A vial 18","SAMEA17630668","SAMEA17631418","SAMEG317574","P001","depositor"
"SAMEA103883926","UKKi023-A vial 19","SAMEA17630668","SAMEA17631418","SAMEG317574","P001","depositor"
"SAMEA103883933","UKKi023-A vial 20","SAMEA17630668","SAMEA17631418","SAMEG317574","P001","depositor"
"SAMEA103883944","UKKi023-A vial 21","SAMEA17630668","SAMEA17631418","SAMEG317574","P001","depositor"
"SAMEA103883929","UKKi023-A vial 22","SAMEA17630668","SAMEA17631418","SAMEG317574","P001","depositor"
"SAMEA103883940","UKKi023-A vial 23","SAMEA17630668","SAMEA17631418","SAMEG317574","P001","depositor"
"SAMEA103883924","UKKi023-A vial 24","SAMEA17630668","SAMEA17631418","SAMEG317574","P001","depositor"
"SAMEA103883936","UKKi023-A vial 25","SAMEA17630668","SAMEA17631418","SAMEG317574","P001","depositor"
"SAMEA103885590","UKKi023-A vial 26","SAMEA17630668","SAMEA17631418","SAMEG317574","P001","depositor"
"SAMEA103885595","UKKi023-A vial 27","SAMEA17630668","SAMEA17631418","SAMEG317574","P001","depositor"
"SAMEA103885613","UKKi023-A vial 28","SAMEA17630668","SAMEA17631418","SAMEG317574","P001","depositor"
"SAMEA103885604","UKKi023-A vial 29","SAMEA17630668","SAMEA17631418","SAMEG317574","P001","depositor"
"SAMEA103885609","UKKi023-A vial 30","SAMEA17630668","SAMEA17631418","SAMEG317574","P001","depositor"
"SAMEA103885601","UKKi023-A vial 31","SAMEA17630668","SAMEA17631418","SAMEG317574","P001","depositor"
"SAMEA103885606","UKKi023-A vial 32","SAMEA17630668","SAMEA17631418","SAMEG317574","P001","depositor"
"SAMEA103885599","UKKi023-A vial 33","SAMEA17630668","SAMEA17631418","SAMEG317574","P001","depositor"
"SAMEA103885593","UKKi023-A vial 34","SAMEA17630668","SAMEA17631418","SAMEG317574","P001","depositor"
"SAMEA103885611","UKKi023-A vial 35","SAMEA17630668","SAMEA17631418","SAMEG317574","P001","depositor"
"SAMEA103885603","UKKi023-A vial 36","SAMEA17630668","SAMEA17631418","SAMEG317574","P001","depositor"
"SAMEA103885596","UKKi023-A vial 37","SAMEA17630668","SAMEA17631418","SAMEG317574","P001","depositor"
"SAMEA103885600","UKKi023-A vial 38","SAMEA17630668","SAMEA17631418","SAMEG317574","P001","depositor"
"SAMEA103885594","UKKi023-A vial 39","SAMEA17630668","SAMEA17631418","SAMEG317574","P001","depositor"
"SAMEA103885597","UKKi023-A vial 40","SAMEA17630668","SAMEA17631418","SAMEG317574","P001","depositor"
"SAMEA103885591","UKKi023-A vial 41","SAMEA17630668","SAMEA17631418","SAMEG317574","P001","depositor"
"SAMEA103885608","UKKi023-A vial 42","SAMEA17630668","SAMEA17631418","SAMEG317574","P001","depositor"
"SAMEA103885614","UKKi023-A vial 43","SAMEA17630668","SAMEA17631418","SAMEG317574","P001","depositor"
"SAMEA103885605","UKKi023-A vial 44","SAMEA17630668","SAMEA17631418","SAMEG317574","P001","depositor"
"SAMEA103885598","UKKi023-A vial 45","SAMEA17630668","SAMEA17631418","SAMEG317574","P001","depositor"
"SAMEA103885592","UKKi023-A vial 46","SAMEA17630668","SAMEA17631418","SAMEG317574","P001","depositor"
"SAMEA103885610","UKKi023-A vial 47","SAMEA17630668","SAMEA17631418","SAMEG317574","P001","depositor"
"SAMEA103885602","UKKi023-A vial 48","SAMEA17630668","SAMEA17631418","SAMEG317574","P001","depositor"
"SAMEA103885607","UKKi023-A vial 49","SAMEA17630668","SAMEA17631418","SAMEG317574","P001","depositor"
"SAMEA103885612","UKKi023-A vial 50","SAMEA17630668","SAMEA17631418","SAMEG317574","P001","depositor"
"SAMEA103883967","UKKi023-B vial 01","SAMEA17632168","SAMEA17631418","SAMEG317575","P001","depositor"
"SAMEA103883957","UKKi023-B vial 02","SAMEA17632168","SAMEA17631418","SAMEG317575","P001","depositor"
"SAMEA103883965","UKKi023-B vial 03","SAMEA17632168","SAMEA17631418","SAMEG317575","P001","depositor"
"SAMEA103883962","UKKi023-B vial 04","SAMEA17632168","SAMEA17631418","SAMEG317575","P001","depositor"
"SAMEA103883951","UKKi023-B vial 05","SAMEA17632168","SAMEA17631418","SAMEG317575","P001","depositor"
"SAMEA103883959","UKKi023-B vial 06","SAMEA17632168","SAMEA17631418","SAMEG317575","P001","depositor"
"SAMEA103883948","UKKi023-B vial 07","SAMEA17632168","SAMEA17631418","SAMEG317575","P001","depositor"
"SAMEA103883969","UKKi023-B vial 08","SAMEA17632168","SAMEA17631418","SAMEG317575","P001","depositor"
"SAMEA103883953","UKKi023-B vial 09","SAMEA17632168","SAMEA17631418","SAMEG317575","P001","depositor"
"SAMEA103883952","UKKi023-B vial 10","SAMEA17632168","SAMEA17631418","SAMEG317575","P001","depositor"
"SAMEA103883960","UKKi023-B vial 11","SAMEA17632168","SAMEA17631418","SAMEG317575","P001","depositor"
"SAMEA103883955","UKKi023-B vial 12","SAMEA17632168","SAMEA17631418","SAMEG317575","P001","depositor"
"SAMEA103883970","UKKi023-B vial 13","SAMEA17632168","SAMEA17631418","SAMEG317575","P001","depositor"
"SAMEA103883954","UKKi023-B vial 14","SAMEA17632168","SAMEA17631418","SAMEG317575","P001","depositor"
"SAMEA103883949","UKKi023-B vial 15","SAMEA17632168","SAMEA17631418","SAMEG317575","P001","depositor"
"SAMEA103883963","UKKi023-B vial 16","SAMEA17632168","SAMEA17631418","SAMEG317575","P001","depositor"
"SAMEA103883946","UKKi023-B vial 17","SAMEA17632168","SAMEA17631418","SAMEG317575","P001","depositor"
"SAMEA103883961","UKKi023-B vial 18","SAMEA17632168","SAMEA17631418","SAMEG317575","P001","depositor"
"SAMEA103883956","UKKi023-B vial 19","SAMEA17632168","SAMEA17631418","SAMEG317575","P001","depositor"
"SAMEA103883950","UKKi023-B vial 20","SAMEA17632168","SAMEA17631418","SAMEG317575","P001","depositor"
"SAMEA103883964","UKKi023-B vial 21","SAMEA17632168","SAMEA17631418","SAMEG317575","P001","depositor"
"SAMEA103883947","UKKi023-B vial 22","SAMEA17632168","SAMEA17631418","SAMEG317575","P001","depositor"
"SAMEA103883968","UKKi023-B vial 23","SAMEA17632168","SAMEA17631418","SAMEG317575","P001","depositor"
"SAMEA103883958","UKKi023-B vial 24","SAMEA17632168","SAMEA17631418","SAMEG317575","P001","depositor"
"SAMEA103883966","UKKi023-B vial 25","SAMEA17632168","SAMEA17631418","SAMEG317575","P001","depositor"
"SAMEA103885636","UKKi023-B vial 26","SAMEA17632168","SAMEA17631418","SAMEG317575","P001","depositor"
"SAMEA103885617","UKKi023-B vial 27","SAMEA17632168","SAMEA17631418","SAMEG317575","P001","depositor"
"SAMEA103885621","UKKi023-B vial 28","SAMEA17632168","SAMEA17631418","SAMEG317575","P001","depositor"
"SAMEA103885630","UKKi023-B vial 29","SAMEA17632168","SAMEA17631418","SAMEG317575","P001","depositor"
"SAMEA103885626","UKKi023-B vial 30","SAMEA17632168","SAMEA17631418","SAMEG317575","P001","depositor"
"SAMEA103885623","UKKi023-B vial 31","SAMEA17632168","SAMEA17631418","SAMEG317575","P001","depositor"
"SAMEA103885633","UKKi023-B vial 32","SAMEA17632168","SAMEA17631418","SAMEG317575","P001","depositor"
"SAMEA103885635","UKKi023-B vial 33","SAMEA17632168","SAMEA17631418","SAMEG317575","P001","depositor"
"SAMEA103885619","UKKi023-B vial 34","SAMEA17632168","SAMEA17631418","SAMEG317575","P001","depositor"
"SAMEA103885628","UKKi023-B vial 35","SAMEA17632168","SAMEA17631418","SAMEG317575","P001","depositor"
"SAMEA103885634","UKKi023-B vial 36","SAMEA17632168","SAMEA17631418","SAMEG317575","P001","depositor"
"SAMEA103885631","UKKi023-B vial 37","SAMEA17632168","SAMEA17631418","SAMEG317575","P001","depositor"
"SAMEA103885637","UKKi023-B vial 38","SAMEA17632168","SAMEA17631418","SAMEG317575","P001","depositor"
"SAMEA103885615","UKKi023-B vial 39","SAMEA17632168","SAMEA17631418","SAMEG317575","P001","depositor"
"SAMEA103885638","UKKi023-B vial 40","SAMEA17632168","SAMEA17631418","SAMEG317575","P001","depositor"
"SAMEA103885618","UKKi023-B vial 41","SAMEA17632168","SAMEA17631418","SAMEG317575","P001","depositor"
"SAMEA103885616","UKKi023-B vial 42","SAMEA17632168","SAMEA17631418","SAMEG317575","P001","depositor"
"SAMEA103885624","UKKi023-B vial 43","SAMEA17632168","SAMEA17631418","SAMEG317575","P001","depositor"
"SAMEA103885629","UKKi023-B vial 44","SAMEA17632168","SAMEA17631418","SAMEG317575","P001","depositor"
"SAMEA103885639","UKKi023-B vial 45","SAMEA17632168","SAMEA17631418","SAMEG317575","P001","depositor"
"SAMEA103885620","UKKi023-B vial 46","SAMEA17632168","SAMEA17631418","SAMEG317575","P001","depositor"
"SAMEA103885625","UKKi023-B vial 47","SAMEA17632168","SAMEA17631418","SAMEG317575","P001","depositor"
"SAMEA103885622","UKKi023-B vial 48","SAMEA17632168","SAMEA17631418","SAMEG317575","P001","depositor"
"SAMEA103885632","UKKi023-B vial 49","SAMEA17632168","SAMEA17631418","SAMEG317575","P001","depositor"
"SAMEA103885627","UKKi023-B vial 50","SAMEA17632168","SAMEA17631418","SAMEG317575","P001","depositor"
"SAMEA103883973","UKKi023-C vial 01","SAMEA17632918","SAMEA17631418","SAMEG317576","P001","depositor"
"SAMEA103883986","UKKi023-C vial 02","SAMEA17632918","SAMEA17631418","SAMEG317576","P001","depositor"
"SAMEA103883989","UKKi023-C vial 03","SAMEA17632918","SAMEA17631418","SAMEG317576","P001","depositor"
"SAMEA103883978","UKKi023-C vial 04","SAMEA17632918","SAMEA17631418","SAMEG317576","P001","depositor"
"SAMEA103883993","UKKi023-C vial 05","SAMEA17632918","SAMEA17631418","SAMEG317576","P001","depositor"
"SAMEA103883981","UKKi023-C vial 06","SAMEA17632918","SAMEA17631418","SAMEG317576","P001","depositor"
"SAMEA103883983","UKKi023-C vial 07","SAMEA17632918","SAMEA17631418","SAMEG317576","P001","depositor"
"SAMEA103883975","UKKi023-C vial 08","SAMEA17632918","SAMEA17631418","SAMEG317576","P001","depositor"
"SAMEA103883988","UKKi023-C vial 09","SAMEA17632918","SAMEA17631418","SAMEG317576","P001","depositor"
"SAMEA103883994","UKKi023-C vial 10","SAMEA17632918","SAMEA17631418","SAMEG317576","P001","depositor"
"SAMEA103883971","UKKi023-C vial 11","SAMEA17632918","SAMEA17631418","SAMEG317576","P001","depositor"
"SAMEA103883984","UKKi023-C vial 12","SAMEA17632918","SAMEA17631418","SAMEG317576","P001","depositor"
"SAMEA103883976","UKKi023-C vial 13","SAMEA17632918","SAMEA17631418","SAMEG317576","P001","depositor"
"SAMEA103883977","UKKi023-C vial 14","SAMEA17632918","SAMEA17631418","SAMEG317576","P001","depositor"
"SAMEA103883991","UKKi023-C vial 15","SAMEA17632918","SAMEA17631418","SAMEG317576","P001","depositor"
"SAMEA103883979","UKKi023-C vial 16","SAMEA17632918","SAMEA17631418","SAMEG317576","P001","depositor"
"SAMEA103883995","UKKi023-C vial 17","SAMEA17632918","SAMEA17631418","SAMEG317576","P001","depositor"
"SAMEA103883972","UKKi023-C vial 18","SAMEA17632918","SAMEA17631418","SAMEG317576","P001","depositor"
"SAMEA103883985","UKKi023-C vial 19","SAMEA17632918","SAMEA17631418","SAMEG317576","P001","depositor"
"SAMEA103883992","UKKi023-C vial 20","SAMEA17632918","SAMEA17631418","SAMEG317576","P001","depositor"
"SAMEA103883980","UKKi023-C vial 21","SAMEA17632918","SAMEA17631418","SAMEG317576","P001","depositor"
"SAMEA103883982","UKKi023-C vial 22","SAMEA17632918","SAMEA17631418","SAMEG317576","P001","depositor"
"SAMEA103883974","UKKi023-C vial 23","SAMEA17632918","SAMEA17631418","SAMEG317576","P001","depositor"
"SAMEA103883987","UKKi023-C vial 24","SAMEA17632918","SAMEA17631418","SAMEG317576","P001","depositor"
"SAMEA103883990","UKKi023-C vial 25","SAMEA17632918","SAMEA17631418","SAMEG317576","P001","depositor"
"SAMEA103885656","UKKi023-C vial 26","SAMEA17632918","SAMEA17631418","SAMEG317576","P001","depositor"
"SAMEA103885663","UKKi023-C vial 27","SAMEA17632918","SAMEA17631418","SAMEG317576","P001","depositor"
"SAMEA103885646","UKKi023-C vial 28","SAMEA17632918","SAMEA17631418","SAMEG317576","P001","depositor"
"SAMEA103885648","UKKi023-C vial 29","SAMEA17632918","SAMEA17631418","SAMEG317576","P001","depositor"
"SAMEA103885661","UKKi023-C vial 30","SAMEA17632918","SAMEA17631418","SAMEG317576","P001","depositor"
"SAMEA103885644","UKKi023-C vial 31","SAMEA17632918","SAMEA17631418","SAMEG317576","P001","depositor"
"SAMEA103885651","UKKi023-C vial 32","SAMEA17632918","SAMEA17631418","SAMEG317576","P001","depositor"
"SAMEA103885652","UKKi023-C vial 33","SAMEA17632918","SAMEA17631418","SAMEG317576","P001","depositor"
"SAMEA103885658","UKKi023-C vial 34","SAMEA17632918","SAMEA17631418","SAMEG317576","P001","depositor"
"SAMEA103885641","UKKi023-C vial 35","SAMEA17632918","SAMEA17631418","SAMEG317576","P001","depositor"
"SAMEA103885642","UKKi023-C vial 36","SAMEA17632918","SAMEA17631418","SAMEG317576","P001","depositor"
"SAMEA103885649","UKKi023-C vial 37","SAMEA17632918","SAMEA17631418","SAMEG317576","P001","depositor"
"SAMEA103885657","UKKi023-C vial 38","SAMEA17632918","SAMEA17631418","SAMEG317576","P001","depositor"
"SAMEA103885664","UKKi023-C vial 39","SAMEA17632918","SAMEA17631418","SAMEG317576","P001","depositor"
"SAMEA103885654","UKKi023-C vial 40","SAMEA17632918","SAMEA17631418","SAMEG317576","P001","depositor"
"SAMEA103885655","UKKi023-C vial 41","SAMEA17632918","SAMEA17631418","SAMEG317576","P001","depositor"
"SAMEA103885662","UKKi023-C vial 42","SAMEA17632918","SAMEA17631418","SAMEG317576","P001","depositor"
"SAMEA103885645","UKKi023-C vial 43","SAMEA17632918","SAMEA17631418","SAMEG317576","P001","depositor"
"SAMEA103885647","UKKi023-C vial 44","SAMEA17632918","SAMEA17631418","SAMEG317576","P001","depositor"
"SAMEA103885653","UKKi023-C vial 45","SAMEA17632918","SAMEA17631418","SAMEG317576","P001","depositor"
"SAMEA103885659","UKKi023-C vial 46","SAMEA17632918","SAMEA17631418","SAMEG317576","P001","depositor"
"SAMEA103885660","UKKi023-C vial 47","SAMEA17632918","SAMEA17631418","SAMEG317576","P001","depositor"
"SAMEA103885643","UKKi023-C vial 48","SAMEA17632918","SAMEA17631418","SAMEG317576","P001","depositor"
"SAMEA103885650","UKKi023-C vial 49","SAMEA17632918","SAMEA17631418","SAMEG317576","P001","depositor"
"SAMEA103885640","UKKi023-C vial 50","SAMEA17632918","SAMEA17631418","SAMEG317576","P001","depositor"
"SAMEA103884002","UKKi024-A vial 01","SAMEA17633668","SAMEA17634418","SAMEG317577","P001","depositor"
"SAMEA103884017","UKKi024-A vial 02","SAMEA17633668","SAMEA17634418","SAMEG317577","P001","depositor"
"SAMEA103884006","UKKi024-A vial 03","SAMEA17633668","SAMEA17634418","SAMEG317577","P001","depositor"
"SAMEA103883996","UKKi024-A vial 04","SAMEA17633668","SAMEA17634418","SAMEG317577","P001","depositor"
"SAMEA103884010","UKKi024-A vial 05","SAMEA17633668","SAMEA17634418","SAMEG317577","P001","depositor"
"SAMEA103883999","UKKi024-A vial 06","SAMEA17633668","SAMEA17634418","SAMEG317577","P001","depositor"
"SAMEA103884014","UKKi024-A vial 07","SAMEA17633668","SAMEA17634418","SAMEG317577","P001","depositor"
"SAMEA103884004","UKKi024-A vial 08","SAMEA17633668","SAMEA17634418","SAMEG317577","P001","depositor"
"SAMEA103884019","UKKi024-A vial 09","SAMEA17633668","SAMEA17634418","SAMEG317577","P001","depositor"
"SAMEA103884011","UKKi024-A vial 10","SAMEA17633668","SAMEA17634418","SAMEG317577","P001","depositor"
"SAMEA103884000","UKKi024-A vial 11","SAMEA17633668","SAMEA17634418","SAMEG317577","P001","depositor"
"SAMEA103884015","UKKi024-A vial 12","SAMEA17633668","SAMEA17634418","SAMEG317577","P001","depositor"
"SAMEA103884005","UKKi024-A vial 13","SAMEA17633668","SAMEA17634418","SAMEG317577","P001","depositor"
"SAMEA103884020","UKKi024-A vial 14","SAMEA17633668","SAMEA17634418","SAMEG317577","P001","depositor"
"SAMEA103884008","UKKi024-A vial 15","SAMEA17633668","SAMEA17634418","SAMEG317577","P001","depositor"
"SAMEA103883997","UKKi024-A vial 16","SAMEA17633668","SAMEA17634418","SAMEG317577","P001","depositor"
"SAMEA103884012","UKKi024-A vial 17","SAMEA17633668","SAMEA17634418","SAMEG317577","P001","depositor"
"SAMEA103884001","UKKi024-A vial 18","SAMEA17633668","SAMEA17634418","SAMEG317577","P001","depositor"
"SAMEA103884016","UKKi024-A vial 19","SAMEA17633668","SAMEA17634418","SAMEG317577","P001","depositor"
"SAMEA103884009","UKKi024-A vial 20","SAMEA17633668","SAMEA17634418","SAMEG317577","P001","depositor"
"SAMEA103883998","UKKi024-A vial 21","SAMEA17633668","SAMEA17634418","SAMEG317577","P001","depositor"
"SAMEA103884013","UKKi024-A vial 22","SAMEA17633668","SAMEA17634418","SAMEG317577","P001","depositor"
"SAMEA103884003","UKKi024-A vial 23","SAMEA17633668","SAMEA17634418","SAMEG317577","P001","depositor"
"SAMEA103884018","UKKi024-A vial 24","SAMEA17633668","SAMEA17634418","SAMEG317577","P001","depositor"
"SAMEA103884007","UKKi024-A vial 25","SAMEA17633668","SAMEA17634418","SAMEG317577","P001","depositor"
"SAMEA103885679","UKKi024-A vial 26","SAMEA17633668","SAMEA17634418","SAMEG317577","P001","depositor"
"SAMEA103885674","UKKi024-A vial 27","SAMEA17633668","SAMEA17634418","SAMEG317577","P001","depositor"
"SAMEA103885668","UKKi024-A vial 28","SAMEA17633668","SAMEA17634418","SAMEG317577","P001","depositor"
"SAMEA103885688","UKKi024-A vial 29","SAMEA17633668","SAMEA17634418","SAMEG317577","P001","depositor"
"SAMEA103885672","UKKi024-A vial 30","SAMEA17633668","SAMEA17634418","SAMEG317577","P001","depositor"
"SAMEA103885666","UKKi024-A vial 31","SAMEA17633668","SAMEA17634418","SAMEG317577","P001","depositor"
"SAMEA103885686","UKKi024-A vial 32","SAMEA17633668","SAMEA17634418","SAMEG317577","P001","depositor"
"SAMEA103885681","UKKi024-A vial 33","SAMEA17633668","SAMEA17634418","SAMEG317577","P001","depositor"
"SAMEA103885676","UKKi024-A vial 34","SAMEA17633668","SAMEA17634418","SAMEG317577","P001","depositor"
"SAMEA103885670","UKKi024-A vial 35","SAMEA17633668","SAMEA17634418","SAMEG317577","P001","depositor"
"SAMEA103885689","UKKi024-A vial 36","SAMEA17633668","SAMEA17634418","SAMEG317577","P001","depositor"
"SAMEA103885684","UKKi024-A vial 37","SAMEA17633668","SAMEA17634418","SAMEG317577","P001","depositor"
"SAMEA103885680","UKKi024-A vial 38","SAMEA17633668","SAMEA17634418","SAMEG317577","P001","depositor"
"SAMEA103885675","UKKi024-A vial 39","SAMEA17633668","SAMEA17634418","SAMEG317577","P001","depositor"
"SAMEA103885683","UKKi024-A vial 40","SAMEA17633668","SAMEA17634418","SAMEG317577","P001","depositor"
"SAMEA103885678","UKKi024-A vial 41","SAMEA17633668","SAMEA17634418","SAMEG317577","P001","depositor"
"SAMEA103885673","UKKi024-A vial 42","SAMEA17633668","SAMEA17634418","SAMEG317577","P001","depositor"
"SAMEA103885667","UKKi024-A vial 43","SAMEA17633668","SAMEA17634418","SAMEG317577","P001","depositor"
"SAMEA103885687","UKKi024-A vial 44","SAMEA17633668","SAMEA17634418","SAMEG317577","P001","depositor"
"SAMEA103885682","UKKi024-A vial 45","SAMEA17633668","SAMEA17634418","SAMEG317577","P001","depositor"
"SAMEA103885677","UKKi024-A vial 46","SAMEA17633668","SAMEA17634418","SAMEG317577","P001","depositor"
"SAMEA103885671","UKKi024-A vial 47","SAMEA17633668","SAMEA17634418","SAMEG317577","P001","depositor"
"SAMEA103885665","UKKi024-A vial 48","SAMEA17633668","SAMEA17634418","SAMEG317577","P001","depositor"
"SAMEA103885685","UKKi024-A vial 49","SAMEA17633668","SAMEA17634418","SAMEG317577","P001","depositor"
"SAMEA103885669","UKKi024-A vial 50","SAMEA17633668","SAMEA17634418","SAMEG317577","P001","depositor"
"SAMEA103884044","UKKi024-B vial 01","SAMEA17635168","SAMEA17634418","SAMEG317578","P001","depositor"
"SAMEA103884029","UKKi024-B vial 02","SAMEA17635168","SAMEA17634418","SAMEG317578","P001","depositor"
"SAMEA103884024","UKKi024-B vial 03","SAMEA17635168","SAMEA17634418","SAMEG317578","P001","depositor"
"SAMEA103884039","UKKi024-B vial 04","SAMEA17635168","SAMEA17634418","SAMEG317578","P001","depositor"
"SAMEA103884021","UKKi024-B vial 05","SAMEA17635168","SAMEA17634418","SAMEG317578","P001","depositor"
"SAMEA103884037","UKKi024-B vial 06","SAMEA17635168","SAMEA17634418","SAMEG317578","P001","depositor"
"SAMEA103884033","UKKi024-B vial 07","SAMEA17635168","SAMEA17634418","SAMEG317578","P001","depositor"
"SAMEA103884040","UKKi024-B vial 08","SAMEA17635168","SAMEA17634418","SAMEG317578","P001","depositor"
"SAMEA103884031","UKKi024-B vial 09","SAMEA17635168","SAMEA17634418","SAMEG317578","P001","depositor"
"SAMEA103884022","UKKi024-B vial 10","SAMEA17635168","SAMEA17634418","SAMEG317578","P001","depositor"
"SAMEA103884042","UKKi024-B vial 11","SAMEA17635168","SAMEA17634418","SAMEG317578","P001","depositor"
"SAMEA103884034","UKKi024-B vial 12","SAMEA17635168","SAMEA17634418","SAMEG317578","P001","depositor"
"SAMEA103884041","UKKi024-B vial 13","SAMEA17635168","SAMEA17634418","SAMEG317578","P001","depositor"
"SAMEA103884038","UKKi024-B vial 14","SAMEA17635168","SAMEA17634418","SAMEG317578","P001","depositor"
"SAMEA103884026","UKKi024-B vial 15","SAMEA17635168","SAMEA17634418","SAMEG317578","P001","depositor"
"SAMEA103884035","UKKi024-B vial 16","SAMEA17635168","SAMEA17634418","SAMEG317578","P001","depositor"
"SAMEA103884023","UKKi024-B vial 17","SAMEA17635168","SAMEA17634418","SAMEG317578","P001","depositor"
"SAMEA103884043","UKKi024-B vial 18","SAMEA17635168","SAMEA17634418","SAMEG317578","P001","depositor"
"SAMEA103884028","UKKi024-B vial 19","SAMEA17635168","SAMEA17634418","SAMEG317578","P001","depositor"
"SAMEA103884027","UKKi024-B vial 20","SAMEA17635168","SAMEA17634418","SAMEG317578","P001","depositor"
"SAMEA103884036","UKKi024-B vial 21","SAMEA17635168","SAMEA17634418","SAMEG317578","P001","depositor"
"SAMEA103884032","UKKi024-B vial 22","SAMEA17635168","SAMEA17634418","SAMEG317578","P001","depositor"
"SAMEA103884045","UKKi024-B vial 23","SAMEA17635168","SAMEA17634418","SAMEG317578","P001","depositor"
"SAMEA103884030","UKKi024-B vial 24","SAMEA17635168","SAMEA17634418","SAMEG317578","P001","depositor"
"SAMEA103884025","UKKi024-B vial 25","SAMEA17635168","SAMEA17634418","SAMEG317578","P001","depositor"
"SAMEA103885711","UKKi024-B vial 26","SAMEA17635168","SAMEA17634418","SAMEG317578","P001","depositor"
"SAMEA103885702","UKKi024-B vial 27","SAMEA17635168","SAMEA17634418","SAMEG317578","P001","depositor"
"SAMEA103885696","UKKi024-B vial 28","SAMEA17635168","SAMEA17634418","SAMEG317578","P001","depositor"
"SAMEA103885694","UKKi024-B vial 29","SAMEA17635168","SAMEA17634418","SAMEG317578","P001","depositor"
"SAMEA103885705","UKKi024-B vial 30","SAMEA17635168","SAMEA17634418","SAMEG317578","P001","depositor"
"SAMEA103885699","UKKi024-B vial 31","SAMEA17635168","SAMEA17634418","SAMEG317578","P001","depositor"
"SAMEA103885691","UKKi024-B vial 32","SAMEA17635168","SAMEA17634418","SAMEG317578","P001","depositor"
"SAMEA103885713","UKKi024-B vial 33","SAMEA17635168","SAMEA17634418","SAMEG317578","P001","depositor"
"SAMEA103885708","UKKi024-B vial 34","SAMEA17635168","SAMEA17634418","SAMEG317578","P001","depositor"
"SAMEA103885701","UKKi024-B vial 35","SAMEA17635168","SAMEA17634418","SAMEG317578","P001","depositor"
"SAMEA103885697","UKKi024-B vial 36","SAMEA17635168","SAMEA17634418","SAMEG317578","P001","depositor"
"SAMEA103885692","UKKi024-B vial 37","SAMEA17635168","SAMEA17634418","SAMEG317578","P001","depositor"
"SAMEA103885709","UKKi024-B vial 38","SAMEA17635168","SAMEA17634418","SAMEG317578","P001","depositor"
"SAMEA103885703","UKKi024-B vial 39","SAMEA17635168","SAMEA17634418","SAMEG317578","P001","depositor"
"SAMEA103885712","UKKi024-B vial 40","SAMEA17635168","SAMEA17634418","SAMEG317578","P001","depositor"
"SAMEA103885710","UKKi024-B vial 41","SAMEA17635168","SAMEA17634418","SAMEG317578","P001","depositor"
"SAMEA103885706","UKKi024-B vial 42","SAMEA17635168","SAMEA17634418","SAMEG317578","P001","depositor"
"SAMEA103885695","UKKi024-B vial 43","SAMEA17635168","SAMEA17634418","SAMEG317578","P001","depositor"
"SAMEA103885693","UKKi024-B vial 44","SAMEA17635168","SAMEA17634418","SAMEG317578","P001","depositor"
"SAMEA103885714","UKKi024-B vial 45","SAMEA17635168","SAMEA17634418","SAMEG317578","P001","depositor"
"SAMEA103885707","UKKi024-B vial 46","SAMEA17635168","SAMEA17634418","SAMEG317578","P001","depositor"
"SAMEA103885704","UKKi024-B vial 47","SAMEA17635168","SAMEA17634418","SAMEG317578","P001","depositor"
"SAMEA103885698","UKKi024-B vial 48","SAMEA17635168","SAMEA17634418","SAMEG317578","P001","depositor"
"SAMEA103885690","UKKi024-B vial 49","SAMEA17635168","SAMEA17634418","SAMEG317578","P001","depositor"
"SAMEA103885700","UKKi024-B vial 50","SAMEA17635168","SAMEA17634418","SAMEG317578","P001","depositor"
"SAMEA103884050","UKKi024-C vial 01","SAMEA17635918","SAMEA17634418","SAMEG317579","P001","depositor"
"SAMEA103884053","UKKi024-C vial 02","SAMEA17635918","SAMEA17634418","SAMEG317579","P001","depositor"
"SAMEA103884066","UKKi024-C vial 03","SAMEA17635918","SAMEA17634418","SAMEG317579","P001","depositor"
"SAMEA103884057","UKKi024-C vial 04","SAMEA17635918","SAMEA17634418","SAMEG317579","P001","depositor"
"SAMEA103884070","UKKi024-C vial 05","SAMEA17635918","SAMEA17634418","SAMEG317579","P001","depositor"
"SAMEA103884047","UKKi024-C vial 06","SAMEA17635918","SAMEA17634418","SAMEG317579","P001","depositor"
"SAMEA103884062","UKKi024-C vial 07","SAMEA17635918","SAMEA17634418","SAMEG317579","P001","depositor"
"SAMEA103884052","UKKi024-C vial 08","SAMEA17635918","SAMEA17634418","SAMEG317579","P001","depositor"
"SAMEA103884055","UKKi024-C vial 09","SAMEA17635918","SAMEA17634418","SAMEG317579","P001","depositor"
"SAMEA103884059","UKKi024-C vial 10","SAMEA17635918","SAMEA17634418","SAMEG317579","P001","depositor"
"SAMEA103884048","UKKi024-C vial 11","SAMEA17635918","SAMEA17634418","SAMEG317579","P001","depositor"
"SAMEA103884063","UKKi024-C vial 12","SAMEA17635918","SAMEA17634418","SAMEG317579","P001","depositor"
"SAMEA103884065","UKKi024-C vial 13","SAMEA17635918","SAMEA17634418","SAMEG317579","P001","depositor"
"SAMEA103884056","UKKi024-C vial 14","SAMEA17635918","SAMEA17634418","SAMEG317579","P001","depositor"
"SAMEA103884068","UKKi024-C vial 15","SAMEA17635918","SAMEA17634418","SAMEG317579","P001","depositor"
"SAMEA103884058","UKKi024-C vial 16","SAMEA17635918","SAMEA17634418","SAMEG317579","P001","depositor"
"SAMEA103884060","UKKi024-C vial 17","SAMEA17635918","SAMEA17634418","SAMEG317579","P001","depositor"
"SAMEA103884049","UKKi024-C vial 18","SAMEA17635918","SAMEA17634418","SAMEG317579","P001","depositor"
"SAMEA103884064","UKKi024-C vial 19","SAMEA17635918","SAMEA17634418","SAMEG317579","P001","depositor"
"SAMEA103884069","UKKi024-C vial 20","SAMEA17635918","SAMEA17634418","SAMEG317579","P001","depositor"
"SAMEA103884046","UKKi024-C vial 21","SAMEA17635918","SAMEA17634418","SAMEG317579","P001","depositor"
"SAMEA103884061","UKKi024-C vial 22","SAMEA17635918","SAMEA17634418","SAMEG317579","P001","depositor"
"SAMEA103884051","UKKi024-C vial 23","SAMEA17635918","SAMEA17634418","SAMEG317579","P001","depositor"
"SAMEA103884054","UKKi024-C vial 24","SAMEA17635918","SAMEA17634418","SAMEG317579","P001","depositor"
"SAMEA103884067","UKKi024-C vial 25","SAMEA17635918","SAMEA17634418","SAMEG317579","P001","depositor"
"SAMEA103885719","UKKi024-C vial 26","SAMEA17635918","SAMEA17634418","SAMEG317579","P001","depositor"
"SAMEA103885739","UKKi024-C vial 27","SAMEA17635918","SAMEA17634418","SAMEG317579","P001","depositor"
"SAMEA103885728","UKKi024-C vial 28","SAMEA17635918","SAMEA17634418","SAMEG317579","P001","depositor"
"SAMEA103885723","UKKi024-C vial 29","SAMEA17635918","SAMEA17634418","SAMEG317579","P001","depositor"
"SAMEA103885737","UKKi024-C vial 30","SAMEA17635918","SAMEA17634418","SAMEG317579","P001","depositor"
"SAMEA103885732","UKKi024-C vial 31","SAMEA17635918","SAMEA17634418","SAMEG317579","P001","depositor"
"SAMEA103885721","UKKi024-C vial 32","SAMEA17635918","SAMEA17634418","SAMEG317579","P001","depositor"
"SAMEA103885715","UKKi024-C vial 33","SAMEA17635918","SAMEA17634418","SAMEG317579","P001","depositor"
"SAMEA103885734","UKKi024-C vial 34","SAMEA17635918","SAMEA17634418","SAMEG317579","P001","depositor"
"SAMEA103885735","UKKi024-C vial 35","SAMEA17635918","SAMEA17634418","SAMEG317579","P001","depositor"
"SAMEA103885730","UKKi024-C vial 36","SAMEA17635918","SAMEA17634418","SAMEG317579","P001","depositor"
"SAMEA103885725","UKKi024-C vial 37","SAMEA17635918","SAMEA17634418","SAMEG317579","P001","depositor"
"SAMEA103885720","UKKi024-C vial 38","SAMEA17635918","SAMEA17634418","SAMEG317579","P001","depositor"
"SAMEA103885733","UKKi024-C vial 39","SAMEA17635918","SAMEA17634418","SAMEG317579","P001","depositor"
"SAMEA103885724","UKKi024-C vial 40","SAMEA17635918","SAMEA17634418","SAMEG317579","P001","depositor"
"SAMEA103885718","UKKi024-C vial 41","SAMEA17635918","SAMEA17634418","SAMEG317579","P001","depositor"
"SAMEA103885738","UKKi024-C vial 42","SAMEA17635918","SAMEA17634418","SAMEG317579","P001","depositor"
"SAMEA103885727","UKKi024-C vial 43","SAMEA17635918","SAMEA17634418","SAMEG317579","P001","depositor"
"SAMEA103885722","UKKi024-C vial 44","SAMEA17635918","SAMEA17634418","SAMEG317579","P001","depositor"
"SAMEA103885716","UKKi024-C vial 45","SAMEA17635918","SAMEA17634418","SAMEG317579","P001","depositor"
"SAMEA103885717","UKKi024-C vial 46","SAMEA17635918","SAMEA17634418","SAMEG317579","P001","depositor"
"SAMEA103885736","UKKi024-C vial 47","SAMEA17635918","SAMEA17634418","SAMEG317579","P001","depositor"
"SAMEA103885731","UKKi024-C vial 48","SAMEA17635918","SAMEA17634418","SAMEG317579","P001","depositor"
"SAMEA103885726","UKKi024-C vial 49","SAMEA17635918","SAMEA17634418","SAMEG317579","P001","depositor"
"SAMEA103885729","UKKi024-C vial 50","SAMEA17635918","SAMEA17634418","SAMEG317579","P001","depositor"
"SAMEA103883813","UKKi019-A vial 01","SAMEA17624668","SAMEA17625418","SAMEG317569","P001","depositor"
"SAMEA103883805","UKKi019-A vial 02","SAMEA17624668","SAMEA17625418","SAMEG317569","P001","depositor"
"SAMEA103883818","UKKi019-A vial 03","SAMEA17624668","SAMEA17625418","SAMEG317569","P001","depositor"
"SAMEA103883808","UKKi019-A vial 04","SAMEA17624668","SAMEA17625418","SAMEG317569","P001","depositor"
"SAMEA103883796","UKKi019-A vial 05","SAMEA17624668","SAMEA17625418","SAMEG317569","P001","depositor"
"SAMEA103883812","UKKi019-A vial 06","SAMEA17624668","SAMEA17625418","SAMEG317569","P001","depositor"
"SAMEA103883802","UKKi019-A vial 07","SAMEA17624668","SAMEA17625418","SAMEG317569","P001","depositor"
"SAMEA103883816","UKKi019-A vial 08","SAMEA17624668","SAMEA17625418","SAMEG317569","P001","depositor"
"SAMEA103883804","UKKi019-A vial 09","SAMEA17624668","SAMEA17625418","SAMEG317569","P001","depositor"
"SAMEA103883798","UKKi019-A vial 10","SAMEA17624668","SAMEA17625418","SAMEG317569","P001","depositor"
"SAMEA103883811","UKKi019-A vial 11","SAMEA17624668","SAMEA17625418","SAMEG317569","P001","depositor"
"SAMEA103883801","UKKi019-A vial 12","SAMEA17624668","SAMEA17625418","SAMEG317569","P001","depositor"
"SAMEA103883817","UKKi019-A vial 13","SAMEA17624668","SAMEA17625418","SAMEG317569","P001","depositor"
"SAMEA103883807","UKKi019-A vial 14","SAMEA17624668","SAMEA17625418","SAMEG317569","P001","depositor"
"SAMEA103883820","UKKi019-A vial 15","SAMEA17624668","SAMEA17625418","SAMEG317569","P001","depositor"
"SAMEA103883809","UKKi019-A vial 16","SAMEA17624668","SAMEA17625418","SAMEG317569","P001","depositor"
"SAMEA103883800","UKKi019-A vial 17","SAMEA17624668","SAMEA17625418","SAMEG317569","P001","depositor"
"SAMEA103883815","UKKi019-A vial 18","SAMEA17624668","SAMEA17625418","SAMEG317569","P001","depositor"
"SAMEA103883803","UKKi019-A vial 19","SAMEA17624668","SAMEA17625418","SAMEG317569","P001","depositor"
"SAMEA103883797","UKKi019-A vial 20","SAMEA17624668","SAMEA17625418","SAMEG317569","P001","depositor"
"SAMEA103883810","UKKi019-A vial 21","SAMEA17624668","SAMEA17625418","SAMEG317569","P001","depositor"
"SAMEA103883799","UKKi019-A vial 22","SAMEA17624668","SAMEA17625418","SAMEG317569","P001","depositor"
"SAMEA103883814","UKKi019-A vial 23","SAMEA17624668","SAMEA17625418","SAMEG317569","P001","depositor"
"SAMEA103883806","UKKi019-A vial 24","SAMEA17624668","SAMEA17625418","SAMEG317569","P001","depositor"
"SAMEA103883819","UKKi019-A vial 25","SAMEA17624668","SAMEA17625418","SAMEG317569","P001","depositor"
"SAMEA103885757","UKKi019-A vial 26","SAMEA17624668","SAMEA17625418","SAMEG317569","P001","depositor"
"SAMEA103885751","UKKi019-A vial 27","SAMEA17624668","SAMEA17625418","SAMEG317569","P001","depositor"
"SAMEA103885760","UKKi019-A vial 28","SAMEA17624668","SAMEA17625418","SAMEG317569","P001","depositor"
"SAMEA103885743","UKKi019-A vial 29","SAMEA17624668","SAMEA17625418","SAMEG317569","P001","depositor"
"SAMEA103885763","UKKi019-A vial 30","SAMEA17624668","SAMEA17625418","SAMEG317569","P001","depositor"
"SAMEA103885758","UKKi019-A vial 31","SAMEA17624668","SAMEA17625418","SAMEG317569","P001","depositor"
"SAMEA103885741","UKKi019-A vial 32","SAMEA17624668","SAMEA17625418","SAMEG317569","P001","depositor"
"SAMEA103885747","UKKi019-A vial 33","SAMEA17624668","SAMEA17625418","SAMEG317569","P001","depositor"
"SAMEA103885754","UKKi019-A vial 34","SAMEA17624668","SAMEA17625418","SAMEG317569","P001","depositor"
"SAMEA103885762","UKKi019-A vial 35","SAMEA17624668","SAMEA17625418","SAMEG317569","P001","depositor"
"SAMEA103885744","UKKi019-A vial 36","SAMEA17624668","SAMEA17625418","SAMEG317569","P001","depositor"
"SAMEA103885750","UKKi019-A vial 37","SAMEA17624668","SAMEA17625418","SAMEG317569","P001","depositor"
"SAMEA103885746","UKKi019-A vial 38","SAMEA17624668","SAMEA17625418","SAMEG317569","P001","depositor"
"SAMEA103885753","UKKi019-A vial 39","SAMEA17624668","SAMEA17625418","SAMEG317569","P001","depositor"
"SAMEA103885749","UKKi019-A vial 40","SAMEA17624668","SAMEA17625418","SAMEG317569","P001","depositor"
"SAMEA103885756","UKKi019-A vial 41","SAMEA17624668","SAMEA17625418","SAMEG317569","P001","depositor"
"SAMEA103885752","UKKi019-A vial 42","SAMEA17624668","SAMEA17625418","SAMEG317569","P001","depositor"
"SAMEA103885759","UKKi019-A vial 43","SAMEA17624668","SAMEA17625418","SAMEG317569","P001","depositor"
"SAMEA103885742","UKKi019-A vial 44","SAMEA17624668","SAMEA17625418","SAMEG317569","P001","depositor"
"SAMEA103885748","UKKi019-A vial 45","SAMEA17624668","SAMEA17625418","SAMEG317569","P001","depositor"
"SAMEA103885755","UKKi019-A vial 46","SAMEA17624668","SAMEA17625418","SAMEG317569","P001","depositor"
"SAMEA103885764","UKKi019-A vial 47","SAMEA17624668","SAMEA17625418","SAMEG317569","P001","depositor"
"SAMEA103885745","UKKi019-A vial 48","SAMEA17624668","SAMEA17625418","SAMEG317569","P001","depositor"
"SAMEA103885740","UKKi019-A vial 49","SAMEA17624668","SAMEA17625418","SAMEG317569","P001","depositor"
"SAMEA103885761","UKKi019-A vial 50","SAMEA17624668","SAMEA17625418","SAMEG317569","P001","depositor"
"SAMEA103883831","UKKi019-B vial 01","SAMEA17626168","SAMEA17625418","SAMEG317570","P001","depositor"
"SAMEA103883839","UKKi019-B vial 02","SAMEA17626168","SAMEA17625418","SAMEG317570","P001","depositor"
"SAMEA103883827","UKKi019-B vial 03","SAMEA17626168","SAMEA17625418","SAMEG317570","P001","depositor"
"SAMEA103883825","UKKi019-B vial 04","SAMEA17626168","SAMEA17625418","SAMEG317570","P001","depositor"
"SAMEA103883834","UKKi019-B vial 05","SAMEA17626168","SAMEA17625418","SAMEG317570","P001","depositor"
"SAMEA103883824","UKKi019-B vial 06","SAMEA17626168","SAMEA17625418","SAMEG317570","P001","depositor"
"SAMEA103883843","UKKi019-B vial 07","SAMEA17626168","SAMEA17625418","SAMEG317570","P001","depositor"
"SAMEA103883830","UKKi019-B vial 08","SAMEA17626168","SAMEA17625418","SAMEG317570","P001","depositor"
"SAMEA103883842","UKKi019-B vial 09","SAMEA17626168","SAMEA17625418","SAMEG317570","P001","depositor"
"SAMEA103883833","UKKi019-B vial 10","SAMEA17626168","SAMEA17625418","SAMEG317570","P001","depositor"
"SAMEA103883823","UKKi019-B vial 11","SAMEA17626168","SAMEA17625418","SAMEG317570","P001","depositor"
"SAMEA103883845","UKKi019-B vial 12","SAMEA17626168","SAMEA17625418","SAMEG317570","P001","depositor"
"SAMEA103883826","UKKi019-B vial 13","SAMEA17626168","SAMEA17625418","SAMEG317570","P001","depositor"
"SAMEA103883841","UKKi019-B vial 14","SAMEA17626168","SAMEA17625418","SAMEG317570","P001","depositor"
"SAMEA103883837","UKKi019-B vial 15","SAMEA17626168","SAMEA17625418","SAMEG317570","P001","depositor"
"SAMEA103883822","UKKi019-B vial 16","SAMEA17626168","SAMEA17625418","SAMEG317570","P001","depositor"
"SAMEA103883836","UKKi019-B vial 17","SAMEA17626168","SAMEA17625418","SAMEG317570","P001","depositor"
"SAMEA103883829","UKKi019-B vial 18","SAMEA17626168","SAMEA17625418","SAMEG317570","P001","depositor"
"SAMEA103883844","UKKi019-B vial 19","SAMEA17626168","SAMEA17625418","SAMEG317570","P001","depositor"
"SAMEA103883838","UKKi019-B vial 20","SAMEA17626168","SAMEA17625418","SAMEG317570","P001","depositor"
"SAMEA103883821","UKKi019-B vial 21","SAMEA17626168","SAMEA17625418","SAMEG317570","P001","depositor"
"SAMEA103883835","UKKi019-B vial 22","SAMEA17626168","SAMEA17625418","SAMEG317570","P001","depositor"
"SAMEA103883832","UKKi019-B vial 23","SAMEA17626168","SAMEA17625418","SAMEG317570","P001","depositor"
"SAMEA103883840","UKKi019-B vial 24","SAMEA17626168","SAMEA17625418","SAMEG317570","P001","depositor"
"SAMEA103883828","UKKi019-B vial 25","SAMEA17626168","SAMEA17625418","SAMEG317570","P001","depositor"
"SAMEA103885767","UKKi019-B vial 26","SAMEA17626168","SAMEA17625418","SAMEG317570","P001","depositor"
"SAMEA103885771","UKKi019-B vial 27","SAMEA17626168","SAMEA17625418","SAMEG317570","P001","depositor"
"SAMEA103885778","UKKi019-B vial 28","SAMEA17626168","SAMEA17625418","SAMEG317570","P001","depositor"
"SAMEA103885789","UKKi019-B vial 29","SAMEA17626168","SAMEA17625418","SAMEG317570","P001","depositor"
"SAMEA103885773","UKKi019-B vial 30","SAMEA17626168","SAMEA17625418","SAMEG317570","P001","depositor"
"SAMEA103885780","UKKi019-B vial 31","SAMEA17626168","SAMEA17625418","SAMEG317570","P001","depositor"
"SAMEA103885784","UKKi019-B vial 32","SAMEA17626168","SAMEA17625418","SAMEG317570","P001","depositor"
"SAMEA103885766","UKKi019-B vial 33","SAMEA17626168","SAMEA17625418","SAMEG317570","P001","depositor"
"SAMEA103885776","UKKi019-B vial 34","SAMEA17626168","SAMEA17625418","SAMEG317570","P001","depositor"
"SAMEA103885781","UKKi019-B vial 35","SAMEA17626168","SAMEA17625418","SAMEG317570","P001","depositor"
"SAMEA103885788","UKKi019-B vial 36","SAMEA17626168","SAMEA17625418","SAMEG317570","P001","depositor"
"SAMEA103885787","UKKi019-B vial 37","SAMEA17626168","SAMEA17625418","SAMEG317570","P001","depositor"
"SAMEA103885765","UKKi019-B vial 38","SAMEA17626168","SAMEA17625418","SAMEG317570","P001","depositor"
"SAMEA103885772","UKKi019-B vial 39","SAMEA17626168","SAMEA17625418","SAMEG317570","P001","depositor"
"SAMEA103885769","UKKi019-B vial 40","SAMEA17626168","SAMEA17625418","SAMEG317570","P001","depositor"
"SAMEA103885768","UKKi019-B vial 41","SAMEA17626168","SAMEA17625418","SAMEG317570","P001","depositor"
"SAMEA103885774","UKKi019-B vial 42","SAMEA17626168","SAMEA17625418","SAMEG317570","P001","depositor"
"SAMEA103885777","UKKi019-B vial 43","SAMEA17626168","SAMEA17625418","SAMEG317570","P001","depositor"
"SAMEA103885786","UKKi019-B vial 44","SAMEA17626168","SAMEA17625418","SAMEG317570","P001","depositor"
"SAMEA103885770","UKKi019-B vial 45","SAMEA17626168","SAMEA17625418","SAMEG317570","P001","depositor"
"SAMEA103885775","UKKi019-B vial 46","SAMEA17626168","SAMEA17625418","SAMEG317570","P001","depositor"
"SAMEA103885782","UKKi019-B vial 47","SAMEA17626168","SAMEA17625418","SAMEG317570","P001","depositor"
"SAMEA103885779","UKKi019-B vial 48","SAMEA17626168","SAMEA17625418","SAMEG317570","P001","depositor"
"SAMEA103885785","UKKi019-B vial 49","SAMEA17626168","SAMEA17625418","SAMEG317570","P001","depositor"
"SAMEA103885783","UKKi019-B vial 50","SAMEA17626168","SAMEA17625418","SAMEG317570","P001","depositor"
"SAMEA103883862","UKKi019-C vial 01","SAMEA17626918","SAMEA17625418","SAMEG317571","P001","depositor"
"SAMEA103883850","UKKi019-C vial 02","SAMEA17626918","SAMEA17625418","SAMEG317571","P001","depositor"
"SAMEA103883853","UKKi019-C vial 03","SAMEA17626918","SAMEA17625418","SAMEG317571","P001","depositor"
"SAMEA103883868","UKKi019-C vial 04","SAMEA17626918","SAMEA17625418","SAMEG317571","P001","depositor"
"SAMEA103883858","UKKi019-C vial 05","SAMEA17626918","SAMEA17625418","SAMEG317571","P001","depositor"
"SAMEA103883859","UKKi019-C vial 06","SAMEA17626918","SAMEA17625418","SAMEG317571","P001","depositor"
"SAMEA103883847","UKKi019-C vial 07","SAMEA17626918","SAMEA17625418","SAMEG317571","P001","depositor"
"SAMEA103883865","UKKi019-C vial 08","SAMEA17626918","SAMEA17625418","SAMEG317571","P001","depositor"
"SAMEA103883867","UKKi019-C vial 09","SAMEA17626918","SAMEA17625418","SAMEG317571","P001","depositor"
"SAMEA103883857","UKKi019-C vial 10","SAMEA17626918","SAMEA17625418","SAMEG317571","P001","depositor"
"SAMEA103883861","UKKi019-C vial 11","SAMEA17626918","SAMEA17625418","SAMEG317571","P001","depositor"
"SAMEA103883849","UKKi019-C vial 12","SAMEA17626918","SAMEA17625418","SAMEG317571","P001","depositor"
"SAMEA103883864","UKKi019-C vial 13","SAMEA17626918","SAMEA17625418","SAMEG317571","P001","depositor"
"SAMEA103883866","UKKi019-C vial 14","SAMEA17626918","SAMEA17625418","SAMEG317571","P001","depositor"
"SAMEA103883856","UKKi019-C vial 15","SAMEA17626918","SAMEA17625418","SAMEG317571","P001","depositor"
"SAMEA103883870","UKKi019-C vial 16","SAMEA17626918","SAMEA17625418","SAMEG317571","P001","depositor"
"SAMEA103883846","UKKi019-C vial 17","SAMEA17626918","SAMEA17625418","SAMEG317571","P001","depositor"
"SAMEA103883860","UKKi019-C vial 18","SAMEA17626918","SAMEA17625418","SAMEG317571","P001","depositor"
"SAMEA103883852","UKKi019-C vial 19","SAMEA17626918","SAMEA17625418","SAMEG317571","P001","depositor"
"SAMEA103883855","UKKi019-C vial 20","SAMEA17626918","SAMEA17625418","SAMEG317571","P001","depositor"
"SAMEA103883869","UKKi019-C vial 21","SAMEA17626918","SAMEA17625418","SAMEG317571","P001","depositor"
"SAMEA103883848","UKKi019-C vial 22","SAMEA17626918","SAMEA17625418","SAMEG317571","P001","depositor"
"SAMEA103883863","UKKi019-C vial 23","SAMEA17626918","SAMEA17625418","SAMEG317571","P001","depositor"
"SAMEA103883851","UKKi019-C vial 24","SAMEA17626918","SAMEA17625418","SAMEG317571","P001","depositor"
"SAMEA103883854","UKKi019-C vial 25","SAMEA17626918","SAMEA17625418","SAMEG317571","P001","depositor"
"SAMEA103885813","UKKi019-C vial 26","SAMEA17626918","SAMEA17625418","SAMEG317571","P001","depositor"
"SAMEA103885796","UKKi019-C vial 27","SAMEA17626918","SAMEA17625418","SAMEG317571","P001","depositor"
"SAMEA103885797","UKKi019-C vial 28","SAMEA17626918","SAMEA17625418","SAMEG317571","P001","depositor"
"SAMEA103885804","UKKi019-C vial 29","SAMEA17626918","SAMEA17625418","SAMEG317571","P001","depositor"
"SAMEA103885794","UKKi019-C vial 30","SAMEA17626918","SAMEA17625418","SAMEG317571","P001","depositor"
"SAMEA103885801","UKKi019-C vial 31","SAMEA17626918","SAMEA17625418","SAMEG317571","P001","depositor"
"SAMEA103885808","UKKi019-C vial 32","SAMEA17626918","SAMEA17625418","SAMEG317571","P001","depositor"
"SAMEA103885810","UKKi019-C vial 33","SAMEA17626918","SAMEA17625418","SAMEG317571","P001","depositor"
"SAMEA103885791","UKKi019-C vial 34","SAMEA17626918","SAMEA17625418","SAMEG317571","P001","depositor"
"SAMEA103885799","UKKi019-C vial 35","SAMEA17626918","SAMEA17625418","SAMEG317571","P001","depositor"
"SAMEA103885800","UKKi019-C vial 36","SAMEA17626918","SAMEA17625418","SAMEG317571","P001","depositor"
"SAMEA103885807","UKKi019-C vial 37","SAMEA17626918","SAMEA17625418","SAMEG317571","P001","depositor"
"SAMEA103885814","UKKi019-C vial 38","SAMEA17626918","SAMEA17625418","SAMEG317571","P001","depositor"
"SAMEA103885790","UKKi019-C vial 39","SAMEA17626918","SAMEA17625418","SAMEG317571","P001","depositor"
"SAMEA103885806","UKKi019-C vial 40","SAMEA17626918","SAMEA17625418","SAMEG317571","P001","depositor"
"SAMEA103885812","UKKi019-C vial 41","SAMEA17626918","SAMEA17625418","SAMEG317571","P001","depositor"
"SAMEA103885795","UKKi019-C vial 42","SAMEA17626918","SAMEA17625418","SAMEG317571","P001","depositor"
"SAMEA103885803","UKKi019-C vial 43","SAMEA17626918","SAMEA17625418","SAMEG317571","P001","depositor"
"SAMEA103885805","UKKi019-C vial 44","SAMEA17626918","SAMEA17625418","SAMEG317571","P001","depositor"
"SAMEA103885811","UKKi019-C vial 45","SAMEA17626918","SAMEA17625418","SAMEG317571","P001","depositor"
"SAMEA103885792","UKKi019-C vial 46","SAMEA17626918","SAMEA17625418","SAMEG317571","P001","depositor"
"SAMEA103885793","UKKi019-C vial 47","SAMEA17626918","SAMEA17625418","SAMEG317571","P001","depositor"
"SAMEA103885802","UKKi019-C vial 48","SAMEA17626918","SAMEA17625418","SAMEG317571","P001","depositor"
"SAMEA103885809","UKKi019-C vial 49","SAMEA17626918","SAMEA17625418","SAMEG317571","P001","depositor"
"SAMEA103885798","UKKi019-C vial 50","SAMEA17626918","SAMEA17625418","SAMEG317571","P001","depositor"
"SAMEA103883773","UKKi018-B vial 01","SAMEA17623918","SAMEA17623168","SAMEG317568","P001","depositor"
"SAMEA103883794","UKKi018-B vial 02","SAMEA17623918","SAMEA17623168","SAMEG317568","P001","depositor"
"SAMEA103883778","UKKi018-B vial 03","SAMEA17623918","SAMEA17623168","SAMEG317568","P001","depositor"
"SAMEA103883791","UKKi018-B vial 04","SAMEA17623918","SAMEA17623168","SAMEG317568","P001","depositor"
"SAMEA103883787","UKKi018-B vial 05","SAMEA17623918","SAMEA17623168","SAMEG317568","P001","depositor"
"SAMEA103883772","UKKi018-B vial 06","SAMEA17623918","SAMEA17623168","SAMEG317568","P001","depositor"
"SAMEA103883786","UKKi018-B vial 07","SAMEA17623918","SAMEA17623168","SAMEG317568","P001","depositor"
"SAMEA103883781","UKKi018-B vial 08","SAMEA17623918","SAMEA17623168","SAMEG317568","P001","depositor"
"SAMEA103883793","UKKi018-B vial 09","SAMEA17623918","SAMEA17623168","SAMEG317568","P001","depositor"
"SAMEA103883789","UKKi018-B vial 10","SAMEA17623918","SAMEA17623168","SAMEG317568","P001","depositor"
"SAMEA103883771","UKKi018-B vial 11","SAMEA17623918","SAMEA17623168","SAMEG317568","P001","depositor"
"SAMEA103883785","UKKi018-B vial 12","SAMEA17623918","SAMEA17623168","SAMEG317568","P001","depositor"
"SAMEA103883782","UKKi018-B vial 13","SAMEA17623918","SAMEA17623168","SAMEG317568","P001","depositor"
"SAMEA103883790","UKKi018-B vial 14","SAMEA17623918","SAMEA17623168","SAMEG317568","P001","depositor"
"SAMEA103883780","UKKi018-B vial 15","SAMEA17623918","SAMEA17623168","SAMEG317568","P001","depositor"
"SAMEA103883776","UKKi018-B vial 16","SAMEA17623918","SAMEA17623168","SAMEG317568","P001","depositor"
"SAMEA103883784","UKKi018-B vial 17","SAMEA17623918","SAMEA17623168","SAMEG317568","P001","depositor"
"SAMEA103883775","UKKi018-B vial 18","SAMEA17623918","SAMEA17623168","SAMEG317568","P001","depositor"
"SAMEA103883792","UKKi018-B vial 19","SAMEA17623918","SAMEA17623168","SAMEG317568","P001","depositor"
"SAMEA103883788","UKKi018-B vial 20","SAMEA17623918","SAMEA17623168","SAMEG317568","P001","depositor"
"SAMEA103883777","UKKi018-B vial 21","SAMEA17623918","SAMEA17623168","SAMEG317568","P001","depositor"
"SAMEA103883783","UKKi018-B vial 22","SAMEA17623918","SAMEA17623168","SAMEG317568","P001","depositor"
"SAMEA103883774","UKKi018-B vial 23","SAMEA17623918","SAMEA17623168","SAMEG317568","P001","depositor"
"SAMEA103883795","UKKi018-B vial 24","SAMEA17623918","SAMEA17623168","SAMEG317568","P001","depositor"
"SAMEA103883779","UKKi018-B vial 25","SAMEA17623918","SAMEA17623168","SAMEG317568","P001","depositor"
"SAMEA103885852","UKKi018-B vial 26","SAMEA17623918","SAMEA17623168","SAMEG317568","P001","depositor"
"SAMEA103885849","UKKi018-B vial 27","SAMEA17623918","SAMEA17623168","SAMEG317568","P001","depositor"
"SAMEA103885840","UKKi018-B vial 28","SAMEA17623918","SAMEA17623168","SAMEG317568","P001","depositor"
"SAMEA103885860","UKKi018-B vial 29","SAMEA17623918","SAMEA17623168","SAMEG317568","P001","depositor"
"SAMEA103885843","UKKi018-B vial 30","SAMEA17623918","SAMEA17623168","SAMEG317568","P001","depositor"
"SAMEA103885841","UKKi018-B vial 31","SAMEA17623918","SAMEA17623168","SAMEG317568","P001","depositor"
"SAMEA103885862","UKKi018-B vial 32","SAMEA17623918","SAMEA17623168","SAMEG317568","P001","depositor"
"SAMEA103885854","UKKi018-B vial 33","SAMEA17623918","SAMEA17623168","SAMEG317568","P001","depositor"
"SAMEA103885848","UKKi018-B vial 34","SAMEA17623918","SAMEA17623168","SAMEG317568","P001","depositor"
"SAMEA103885846","UKKi018-B vial 35","SAMEA17623918","SAMEA17623168","SAMEG317568","P001","depositor"
"SAMEA103885863","UKKi018-B vial 36","SAMEA17623918","SAMEA17623168","SAMEG317568","P001","depositor"
"SAMEA103885857","UKKi018-B vial 37","SAMEA17623918","SAMEA17623168","SAMEG317568","P001","depositor"
"SAMEA103885856","UKKi018-B vial 38","SAMEA17623918","SAMEA17623168","SAMEG317568","P001","depositor"
"SAMEA103885847","UKKi018-B vial 39","SAMEA17623918","SAMEA17623168","SAMEG317568","P001","depositor"
"SAMEA103885858","UKKi018-B vial 40","SAMEA17623918","SAMEA17623168","SAMEG317568","P001","depositor"
"SAMEA103885851","UKKi018-B vial 41","SAMEA17623918","SAMEA17623168","SAMEG317568","P001","depositor"
"SAMEA103885850","UKKi018-B vial 42","SAMEA17623918","SAMEA17623168","SAMEG317568","P001","depositor"
"SAMEA103885842","UKKi018-B vial 43","SAMEA17623918","SAMEA17623168","SAMEG317568","P001","depositor"
"SAMEA103885859","UKKi018-B vial 44","SAMEA17623918","SAMEA17623168","SAMEG317568","P001","depositor"
"SAMEA103885855","UKKi018-B vial 45","SAMEA17623918","SAMEA17623168","SAMEG317568","P001","depositor"
"SAMEA103885853","UKKi018-B vial 46","SAMEA17623918","SAMEA17623168","SAMEG317568","P001","depositor"
"SAMEA103885844","UKKi018-B vial 47","SAMEA17623918","SAMEA17623168","SAMEG317568","P001","depositor"
"SAMEA103885864","UKKi018-B vial 48","SAMEA17623918","SAMEA17623168","SAMEG317568","P001","depositor"
"SAMEA103885861","UKKi018-B vial 49","SAMEA17623918","SAMEA17623168","SAMEG317568","P001","depositor"
"SAMEA103885845","UKKi018-B vial 50","SAMEA17623918","SAMEA17623168","SAMEG317568","P001","depositor"
"SAMEA103883762","UKKi018-A vial 01","SAMEA17622418","SAMEA17623168","SAMEG317567","P001","depositor"
"SAMEA103883752","UKKi018-A vial 02","SAMEA17622418","SAMEA17623168","SAMEG317567","P001","depositor"
"SAMEA103883766","UKKi018-A vial 03","SAMEA17622418","SAMEA17623168","SAMEG317567","P001","depositor"
"SAMEA103883756","UKKi018-A vial 04","SAMEA17622418","SAMEA17623168","SAMEG317567","P001","depositor"
"SAMEA103883770","UKKi018-A vial 05","SAMEA17622418","SAMEA17623168","SAMEG317567","P001","depositor"
"SAMEA103883759","UKKi018-A vial 06","SAMEA17622418","SAMEA17623168","SAMEG317567","P001","depositor"
"SAMEA103883749","UKKi018-A vial 07","SAMEA17622418","SAMEA17623168","SAMEG317567","P001","depositor"
"SAMEA103883764","UKKi018-A vial 08","SAMEA17622418","SAMEA17623168","SAMEG317567","P001","depositor"
"SAMEA103883754","UKKi018-A vial 09","SAMEA17622418","SAMEA17623168","SAMEG317567","P001","depositor"
"SAMEA103883746","UKKi018-A vial 10","SAMEA17622418","SAMEA17623168","SAMEG317567","P001","depositor"
"SAMEA103883760","UKKi018-A vial 11","SAMEA17622418","SAMEA17623168","SAMEG317567","P001","depositor"
"SAMEA103883750","UKKi018-A vial 12","SAMEA17622418","SAMEA17623168","SAMEG317567","P001","depositor"
"SAMEA103883765","UKKi018-A vial 13","SAMEA17622418","SAMEA17623168","SAMEG317567","P001","depositor"
"SAMEA103883755","UKKi018-A vial 14","SAMEA17622418","SAMEA17623168","SAMEG317567","P001","depositor"
"SAMEA103883768","UKKi018-A vial 15","SAMEA17622418","SAMEA17623168","SAMEG317567","P001","depositor"
"SAMEA103883757","UKKi018-A vial 16","SAMEA17622418","SAMEA17623168","SAMEG317567","P001","depositor"
"SAMEA103883747","UKKi018-A vial 17","SAMEA17622418","SAMEA17623168","SAMEG317567","P001","depositor"
"SAMEA103883761","UKKi018-A vial 18","SAMEA17622418","SAMEA17623168","SAMEG317567","P001","depositor"
"SAMEA103883751","UKKi018-A vial 19","SAMEA17622418","SAMEA17623168","SAMEG317567","P001","depositor"
"SAMEA103883769","UKKi018-A vial 20","SAMEA17622418","SAMEA17623168","SAMEG317567","P001","depositor"
"SAMEA103883758","UKKi018-A vial 21","SAMEA17622418","SAMEA17623168","SAMEG317567","P001","depositor"
"SAMEA103883748","UKKi018-A vial 22","SAMEA17622418","SAMEA17623168","SAMEG317567","P001","depositor"
"SAMEA103883763","UKKi018-A vial 23","SAMEA17622418","SAMEA17623168","SAMEG317567","P001","depositor"
"SAMEA103883753","UKKi018-A vial 24","SAMEA17622418","SAMEA17623168","SAMEG317567","P001","depositor"
"SAMEA103883767","UKKi018-A vial 25","SAMEA17622418","SAMEA17623168","SAMEG317567","P001","depositor"
"SAMEA103885819","UKKi018-A vial 26","SAMEA17622418","SAMEA17623168","SAMEG317567","P001","depositor"
"SAMEA103885839","UKKi018-A vial 27","SAMEA17622418","SAMEA17623168","SAMEG317567","P001","depositor"
"SAMEA103885833","UKKi018-A vial 28","SAMEA17622418","SAMEA17623168","SAMEG317567","P001","depositor"
"SAMEA103885828","UKKi018-A vial 29","SAMEA17622418","SAMEA17623168","SAMEG317567","P001","depositor"
"SAMEA103885837","UKKi018-A vial 30","SAMEA17622418","SAMEA17623168","SAMEG317567","P001","depositor"
"SAMEA103885831","UKKi018-A vial 31","SAMEA17622418","SAMEA17623168","SAMEG317567","P001","depositor"
"SAMEA103885826","UKKi018-A vial 32","SAMEA17622418","SAMEA17623168","SAMEG317567","P001","depositor"
"SAMEA103885821","UKKi018-A vial 33","SAMEA17622418","SAMEA17623168","SAMEG317567","P001","depositor"
"SAMEA103885816","UKKi018-A vial 34","SAMEA17622418","SAMEA17623168","SAMEG317567","P001","depositor"
"SAMEA103885835","UKKi018-A vial 35","SAMEA17622418","SAMEA17623168","SAMEG317567","P001","depositor"
"SAMEA103885829","UKKi018-A vial 36","SAMEA17622418","SAMEA17623168","SAMEG317567","P001","depositor"
"SAMEA103885824","UKKi018-A vial 37","SAMEA17622418","SAMEA17623168","SAMEG317567","P001","depositor"
"SAMEA103885820","UKKi018-A vial 38","SAMEA17622418","SAMEA17623168","SAMEG317567","P001","depositor"
"SAMEA103885815","UKKi018-A vial 39","SAMEA17622418","SAMEA17623168","SAMEG317567","P001","depositor"
"SAMEA103885823","UKKi018-A vial 40","SAMEA17622418","SAMEA17623168","SAMEG317567","P001","depositor"
"SAMEA103885818","UKKi018-A vial 41","SAMEA17622418","SAMEA17623168","SAMEG317567","P001","depositor"
"SAMEA103885838","UKKi018-A vial 42","SAMEA17622418","SAMEA17623168","SAMEG317567","P001","depositor"
"SAMEA103885832","UKKi018-A vial 43","SAMEA17622418","SAMEA17623168","SAMEG317567","P001","depositor"
"SAMEA103885827","UKKi018-A vial 44","SAMEA17622418","SAMEA17623168","SAMEG317567","P001","depositor"
"SAMEA103885822","UKKi018-A vial 45","SAMEA17622418","SAMEA17623168","SAMEG317567","P001","depositor"
"SAMEA103885817","UKKi018-A vial 46","SAMEA17622418","SAMEA17623168","SAMEG317567","P001","depositor"
"SAMEA103885836","UKKi018-A vial 47","SAMEA17622418","SAMEA17623168","SAMEG317567","P001","depositor"
"SAMEA103885830","UKKi018-A vial 48","SAMEA17622418","SAMEA17623168","SAMEG317567","P001","depositor"
"SAMEA103885825","UKKi018-A vial 49","SAMEA17622418","SAMEA17623168","SAMEG317567","P001","depositor"
"SAMEA103885834","UKKi018-A vial 50","SAMEA17622418","SAMEA17623168","SAMEG317567","P001","depositor"
"SAMEA103883697","UKKi017-B vial 01","SAMEA17620918","SAMEA17620168","SAMEG317565","P001","depositor"
"SAMEA103883712","UKKi017-B vial 02","SAMEA17620918","SAMEA17620168","SAMEG317565","P001","depositor"
"SAMEA103883707","UKKi017-B vial 03","SAMEA17620918","SAMEA17620168","SAMEG317565","P001","depositor"
"SAMEA103883717","UKKi017-B vial 04","SAMEA17620918","SAMEA17620168","SAMEG317565","P001","depositor"
"SAMEA103883706","UKKi017-B vial 05","SAMEA17620918","SAMEA17620168","SAMEG317565","P001","depositor"
"SAMEA103883702","UKKi017-B vial 06","SAMEA17620918","SAMEA17620168","SAMEG317565","P001","depositor"
"SAMEA103883709","UKKi017-B vial 07","SAMEA17620918","SAMEA17620168","SAMEG317565","P001","depositor"
"SAMEA103883699","UKKi017-B vial 08","SAMEA17620918","SAMEA17620168","SAMEG317565","P001","depositor"
"SAMEA103883719","UKKi017-B vial 09","SAMEA17620918","SAMEA17620168","SAMEG317565","P001","depositor"
"SAMEA103883714","UKKi017-B vial 10","SAMEA17620918","SAMEA17620168","SAMEG317565","P001","depositor"
"SAMEA103883703","UKKi017-B vial 11","SAMEA17620918","SAMEA17620168","SAMEG317565","P001","depositor"
"SAMEA103883710","UKKi017-B vial 12","SAMEA17620918","SAMEA17620168","SAMEG317565","P001","depositor"
"SAMEA103883700","UKKi017-B vial 13","SAMEA17620918","SAMEA17620168","SAMEG317565","P001","depositor"
"SAMEA103883720","UKKi017-B vial 14","SAMEA17620918","SAMEA17620168","SAMEG317565","P001","depositor"
"SAMEA103883704","UKKi017-B vial 15","SAMEA17620918","SAMEA17620168","SAMEG317565","P001","depositor"
"SAMEA103883718","UKKi017-B vial 16","SAMEA17620918","SAMEA17620168","SAMEG317565","P001","depositor"
"SAMEA103883715","UKKi017-B vial 17","SAMEA17620918","SAMEA17620168","SAMEG317565","P001","depositor"
"SAMEA103883696","UKKi017-B vial 18","SAMEA17620918","SAMEA17620168","SAMEG317565","P001","depositor"
"SAMEA103883711","UKKi017-B vial 19","SAMEA17620918","SAMEA17620168","SAMEG317565","P001","depositor"
"SAMEA103883705","UKKi017-B vial 20","SAMEA17620918","SAMEA17620168","SAMEG317565","P001","depositor"
"SAMEA103883701","UKKi017-B vial 21","SAMEA17620918","SAMEA17620168","SAMEG317565","P001","depositor"
"SAMEA103883716","UKKi017-B vial 22","SAMEA17620918","SAMEA17620168","SAMEG317565","P001","depositor"
"SAMEA103883698","UKKi017-B vial 23","SAMEA17620918","SAMEA17620168","SAMEG317565","P001","depositor"
"SAMEA103883713","UKKi017-B vial 24","SAMEA17620918","SAMEA17620168","SAMEG317565","P001","depositor"
"SAMEA103883708","UKKi017-B vial 25","SAMEA17620918","SAMEA17620168","SAMEG317565","P001","depositor"
"SAMEA103885873","UKKi017-B vial 26","SAMEA17620918","SAMEA17620168","SAMEG317565","P001","depositor"
"SAMEA103885881","UKKi017-B vial 27","SAMEA17620918","SAMEA17620168","SAMEG317565","P001","depositor"
"SAMEA103885879","UKKi017-B vial 28","SAMEA17620918","SAMEA17620168","SAMEG317565","P001","depositor"
"SAMEA103885884","UKKi017-B vial 29","SAMEA17620918","SAMEA17620168","SAMEG317565","P001","depositor"
"SAMEA103885883","UKKi017-B vial 30","SAMEA17620918","SAMEA17620168","SAMEG317565","P001","depositor"
"SAMEA103885888","UKKi017-B vial 31","SAMEA17620918","SAMEA17620168","SAMEG317565","P001","depositor"
"SAMEA103885885","UKKi017-B vial 32","SAMEA17620918","SAMEA17620168","SAMEG317565","P001","depositor"
"SAMEA103885866","UKKi017-B vial 33","SAMEA17620918","SAMEA17620168","SAMEG317565","P001","depositor"
"SAMEA103885870","UKKi017-B vial 34","SAMEA17620918","SAMEA17620168","SAMEG317565","P001","depositor"
"SAMEA103885877","UKKi017-B vial 35","SAMEA17620918","SAMEA17620168","SAMEG317565","P001","depositor"
"SAMEA103885889","UKKi017-B vial 36","SAMEA17620918","SAMEA17620168","SAMEG317565","P001","depositor"
"SAMEA103885867","UKKi017-B vial 37","SAMEA17620918","SAMEA17620168","SAMEG317565","P001","depositor"
"SAMEA103885874","UKKi017-B vial 38","SAMEA17620918","SAMEA17620168","SAMEG317565","P001","depositor"
"SAMEA103885872","UKKi017-B vial 39","SAMEA17620918","SAMEA17620168","SAMEG317565","P001","depositor"
"SAMEA103885869","UKKi017-B vial 40","SAMEA17620918","SAMEA17620168","SAMEG317565","P001","depositor"
"SAMEA103885875","UKKi017-B vial 41","SAMEA17620918","SAMEA17620168","SAMEG317565","P001","depositor"
"SAMEA103885880","UKKi017-B vial 42","SAMEA17620918","SAMEA17620168","SAMEG317565","P001","depositor"
"SAMEA103885878","UKKi017-B vial 43","SAMEA17620918","SAMEA17620168","SAMEG317565","P001","depositor"
"SAMEA103885886","UKKi017-B vial 44","SAMEA17620918","SAMEA17620168","SAMEG317565","P001","depositor"
"SAMEA103885865","UKKi017-B vial 45","SAMEA17620918","SAMEA17620168","SAMEG317565","P001","depositor"
"SAMEA103885871","UKKi017-B vial 46","SAMEA17620918","SAMEA17620168","SAMEG317565","P001","depositor"
"SAMEA103885882","UKKi017-B vial 47","SAMEA17620918","SAMEA17620168","SAMEG317565","P001","depositor"
"SAMEA103885887","UKKi017-B vial 48","SAMEA17620918","SAMEA17620168","SAMEG317565","P001","depositor"
"SAMEA103885868","UKKi017-B vial 49","SAMEA17620918","SAMEA17620168","SAMEG317565","P001","depositor"
"SAMEA103885876","UKKi017-B vial 50","SAMEA17620918","SAMEA17620168","SAMEG317565","P001","depositor"
"SAMEA103883744","UKKi017-C vial 01","SAMEA17621668","SAMEA17620168","SAMEG317566","P001","depositor"
"SAMEA103883722","UKKi017-C vial 02","SAMEA17621668","SAMEA17620168","SAMEG317566","P001","depositor"
"SAMEA103883736","UKKi017-C vial 03","SAMEA17621668","SAMEA17620168","SAMEG317566","P001","depositor"
"SAMEA103883726","UKKi017-C vial 04","SAMEA17621668","SAMEA17620168","SAMEG317566","P001","depositor"
"SAMEA103883728","UKKi017-C vial 05","SAMEA17621668","SAMEA17620168","SAMEG317566","P001","depositor"
"SAMEA103883741","UKKi017-C vial 06","SAMEA17621668","SAMEA17620168","SAMEG317566","P001","depositor"
"SAMEA103883732","UKKi017-C vial 07","SAMEA17621668","SAMEA17620168","SAMEG317566","P001","depositor"
"SAMEA103883734","UKKi017-C vial 08","SAMEA17621668","SAMEA17620168","SAMEG317566","P001","depositor"
"SAMEA103883724","UKKi017-C vial 09","SAMEA17621668","SAMEA17620168","SAMEG317566","P001","depositor"
"SAMEA103883729","UKKi017-C vial 10","SAMEA17621668","SAMEA17620168","SAMEG317566","P001","depositor"
"SAMEA103883742","UKKi017-C vial 11","SAMEA17621668","SAMEA17620168","SAMEG317566","P001","depositor"
"SAMEA103883733","UKKi017-C vial 12","SAMEA17621668","SAMEA17620168","SAMEG317566","P001","depositor"
"SAMEA103883735","UKKi017-C vial 13","SAMEA17621668","SAMEA17620168","SAMEG317566","P001","depositor"
"SAMEA103883725","UKKi017-C vial 14","SAMEA17621668","SAMEA17620168","SAMEG317566","P001","depositor"
"SAMEA103883738","UKKi017-C vial 15","SAMEA17621668","SAMEA17620168","SAMEG317566","P001","depositor"
"SAMEA103883739","UKKi017-C vial 16","SAMEA17621668","SAMEA17620168","SAMEG317566","P001","depositor"
"SAMEA103883730","UKKi017-C vial 17","SAMEA17621668","SAMEA17620168","SAMEG317566","P001","depositor"
"SAMEA103883743","UKKi017-C vial 18","SAMEA17621668","SAMEA17620168","SAMEG317566","P001","depositor"
"SAMEA103883721","UKKi017-C vial 19","SAMEA17621668","SAMEA17620168","SAMEG317566","P001","depositor"
"SAMEA103883727","UKKi017-C vial 20","SAMEA17621668","SAMEA17620168","SAMEG317566","P001","depositor"
"SAMEA103883740","UKKi017-C vial 21","SAMEA17621668","SAMEA17620168","SAMEG317566","P001","depositor"
"SAMEA103883731","UKKi017-C vial 22","SAMEA17621668","SAMEA17620168","SAMEG317566","P001","depositor"
"SAMEA103883745","UKKi017-C vial 23","SAMEA17621668","SAMEA17620168","SAMEG317566","P001","depositor"
"SAMEA103883723","UKKi017-C vial 24","SAMEA17621668","SAMEA17620168","SAMEG317566","P001","depositor"
"SAMEA103883737","UKKi017-C vial 25","SAMEA17621668","SAMEA17620168","SAMEG317566","P001","depositor"
"SAMEA103885892","UKKi017-C vial 26","SAMEA17621668","SAMEA17620168","SAMEG317566","P001","depositor"
"SAMEA103885894","UKKi017-C vial 27","SAMEA17621668","SAMEA17620168","SAMEG317566","P001","depositor"
"SAMEA103885903","UKKi017-C vial 28","SAMEA17621668","SAMEA17620168","SAMEG317566","P001","depositor"
"SAMEA103885909","UKKi017-C vial 29","SAMEA17621668","SAMEA17620168","SAMEG317566","P001","depositor"
"SAMEA103885900","UKKi017-C vial 30","SAMEA17621668","SAMEA17620168","SAMEG317566","P001","depositor"
"SAMEA103885901","UKKi017-C vial 31","SAMEA17621668","SAMEA17620168","SAMEG317566","P001","depositor"
"SAMEA103885907","UKKi017-C vial 32","SAMEA17621668","SAMEA17620168","SAMEG317566","P001","depositor"
"SAMEA103885913","UKKi017-C vial 33","SAMEA17621668","SAMEA17620168","SAMEG317566","P001","depositor"
"SAMEA103885896","UKKi017-C vial 34","SAMEA17621668","SAMEA17620168","SAMEG317566","P001","depositor"
"SAMEA103885898","UKKi017-C vial 35","SAMEA17621668","SAMEA17620168","SAMEG317566","P001","depositor"
"SAMEA103885904","UKKi017-C vial 36","SAMEA17621668","SAMEA17620168","SAMEG317566","P001","depositor"
"SAMEA103885911","UKKi017-C vial 37","SAMEA17621668","SAMEA17620168","SAMEG317566","P001","depositor"
"SAMEA103885912","UKKi017-C vial 38","SAMEA17621668","SAMEA17620168","SAMEG317566","P001","depositor"
"SAMEA103885895","UKKi017-C vial 39","SAMEA17621668","SAMEA17620168","SAMEG317566","P001","depositor"
"SAMEA103885910","UKKi017-C vial 40","SAMEA17621668","SAMEA17620168","SAMEG317566","P001","depositor"
"SAMEA103885891","UKKi017-C vial 41","SAMEA17621668","SAMEA17620168","SAMEG317566","P001","depositor"
"SAMEA103885893","UKKi017-C vial 42","SAMEA17621668","SAMEA17620168","SAMEG317566","P001","depositor"
"SAMEA103885902","UKKi017-C vial 43","SAMEA17621668","SAMEA17620168","SAMEG317566","P001","depositor"
"SAMEA103885908","UKKi017-C vial 44","SAMEA17621668","SAMEA17620168","SAMEG317566","P001","depositor"
"SAMEA103885914","UKKi017-C vial 45","SAMEA17621668","SAMEA17620168","SAMEG317566","P001","depositor"
"SAMEA103885890","UKKi017-C vial 46","SAMEA17621668","SAMEA17620168","SAMEG317566","P001","depositor"
"SAMEA103885899","UKKi017-C vial 47","SAMEA17621668","SAMEA17620168","SAMEG317566","P001","depositor"
"SAMEA103885905","UKKi017-C vial 48","SAMEA17621668","SAMEA17620168","SAMEG317566","P001","depositor"
"SAMEA103885906","UKKi017-C vial 49","SAMEA17621668","SAMEA17620168","SAMEG317566","P001","depositor"
"SAMEA103885897","UKKi017-C vial 50","SAMEA17621668","SAMEA17620168","SAMEG317566","P001","depositor"
"SAMEA103883685","UKKi017-A vial 01","SAMEA17619418","SAMEA17620168","SAMEG317564","P001","depositor"
"SAMEA103883675","UKKi017-A vial 02","SAMEA17619418","SAMEA17620168","SAMEG317564","P001","depositor"
"SAMEA103883689","UKKi017-A vial 03","SAMEA17619418","SAMEA17620168","SAMEG317564","P001","depositor"
"SAMEA103883679","UKKi017-A vial 04","SAMEA17619418","SAMEA17620168","SAMEG317564","P001","depositor"
"SAMEA103883693","UKKi017-A vial 05","SAMEA17619418","SAMEA17620168","SAMEG317564","P001","depositor"
"SAMEA103883682","UKKi017-A vial 06","SAMEA17619418","SAMEA17620168","SAMEG317564","P001","depositor"
"SAMEA103883672","UKKi017-A vial 07","SAMEA17619418","SAMEA17620168","SAMEG317564","P001","depositor"
"SAMEA103883687","UKKi017-A vial 08","SAMEA17619418","SAMEA17620168","SAMEG317564","P001","depositor"
"SAMEA103883677","UKKi017-A vial 09","SAMEA17619418","SAMEA17620168","SAMEG317564","P001","depositor"
"SAMEA103883694","UKKi017-A vial 10","SAMEA17619418","SAMEA17620168","SAMEG317564","P001","depositor"
"SAMEA103883683","UKKi017-A vial 11","SAMEA17619418","SAMEA17620168","SAMEG317564","P001","depositor"
"SAMEA103883673","UKKi017-A vial 12","SAMEA17619418","SAMEA17620168","SAMEG317564","P001","depositor"
"SAMEA103883688","UKKi017-A vial 13","SAMEA17619418","SAMEA17620168","SAMEG317564","P001","depositor"
"SAMEA103883678","UKKi017-A vial 14","SAMEA17619418","SAMEA17620168","SAMEG317564","P001","depositor"
"SAMEA103883691","UKKi017-A vial 15","SAMEA17619418","SAMEA17620168","SAMEG317564","P001","depositor"
"SAMEA103883680","UKKi017-A vial 16","SAMEA17619418","SAMEA17620168","SAMEG317564","P001","depositor"
"SAMEA103883695","UKKi017-A vial 17","SAMEA17619418","SAMEA17620168","SAMEG317564","P001","depositor"
"SAMEA103883684","UKKi017-A vial 18","SAMEA17619418","SAMEA17620168","SAMEG317564","P001","depositor"
"SAMEA103883674","UKKi017-A vial 19","SAMEA17619418","SAMEA17620168","SAMEG317564","P001","depositor"
"SAMEA103883692","UKKi017-A vial 20","SAMEA17619418","SAMEA17620168","SAMEG317564","P001","depositor"
"SAMEA103883681","UKKi017-A vial 21","SAMEA17619418","SAMEA17620168","SAMEG317564","P001","depositor"
"SAMEA103883671","UKKi017-A vial 22","SAMEA17619418","SAMEA17620168","SAMEG317564","P001","depositor"
"SAMEA103883686","UKKi017-A vial 23","SAMEA17619418","SAMEA17620168","SAMEG317564","P001","depositor"
"SAMEA103883676","UKKi017-A vial 24","SAMEA17619418","SAMEA17620168","SAMEG317564","P001","depositor"
"SAMEA103883690","UKKi017-A vial 25","SAMEA17619418","SAMEA17620168","SAMEG317564","P001","depositor"
"SAMEA103885948","UKKi017-A vial 26","SAMEA17619418","SAMEA17620168","SAMEG317564","P001","depositor"
"SAMEA103885955","UKKi017-A vial 27","SAMEA17619418","SAMEA17620168","SAMEG317564","P001","depositor"
"SAMEA103885938","UKKi017-A vial 28","SAMEA17619418","SAMEA17620168","SAMEG317564","P001","depositor"
"SAMEA103885933","UKKi017-A vial 29","SAMEA17619418","SAMEA17620168","SAMEG317564","P001","depositor"
"SAMEA103885953","UKKi017-A vial 30","SAMEA17619418","SAMEA17620168","SAMEG317564","P001","depositor"
"SAMEA103885936","UKKi017-A vial 31","SAMEA17619418","SAMEA17620168","SAMEG317564","P001","depositor"
"SAMEA103885944","UKKi017-A vial 32","SAMEA17619418","SAMEA17620168","SAMEG317564","P001","depositor"
"SAMEA103885939","UKKi017-A vial 33","SAMEA17619418","SAMEA17620168","SAMEG317564","P001","depositor"
"SAMEA103885945","UKKi017-A vial 34","SAMEA17619418","SAMEA17620168","SAMEG317564","P001","depositor"
"SAMEA103885951","UKKi017-A vial 35","SAMEA17619418","SAMEA17620168","SAMEG317564","P001","depositor"
"SAMEA103885934","UKKi017-A vial 36","SAMEA17619418","SAMEA17620168","SAMEG317564","P001","depositor"
"SAMEA103885942","UKKi017-A vial 37","SAMEA17619418","SAMEA17620168","SAMEG317564","P001","depositor"
"SAMEA103885949","UKKi017-A vial 38","SAMEA17619418","SAMEA17620168","SAMEG317564","P001","depositor"
"SAMEA103885956","UKKi017-A vial 39","SAMEA17619418","SAMEA17620168","SAMEG317564","P001","depositor"
"SAMEA103885941","UKKi017-A vial 40","SAMEA17619418","SAMEA17620168","SAMEG317564","P001","depositor"
"SAMEA103885947","UKKi017-A vial 41","SAMEA17619418","SAMEA17620168","SAMEG317564","P001","depositor"
"SAMEA103885954","UKKi017-A vial 42","SAMEA17619418","SAMEA17620168","SAMEG317564","P001","depositor"
"SAMEA103885937","UKKi017-A vial 43","SAMEA17619418","SAMEA17620168","SAMEG317564","P001","depositor"
"SAMEA103885932","UKKi017-A vial 44","SAMEA17619418","SAMEA17620168","SAMEG317564","P001","depositor"
"SAMEA103885940","UKKi017-A vial 45","SAMEA17619418","SAMEA17620168","SAMEG317564","P001","depositor"
"SAMEA103885946","UKKi017-A vial 46","SAMEA17619418","SAMEA17620168","SAMEG317564","P001","depositor"
"SAMEA103885952","UKKi017-A vial 47","SAMEA17619418","SAMEA17620168","SAMEG317564","P001","depositor"
"SAMEA103885935","UKKi017-A vial 48","SAMEA17619418","SAMEA17620168","SAMEG317564","P001","depositor"
"SAMEA103885943","UKKi017-A vial 49","SAMEA17619418","SAMEA17620168","SAMEG317564","P001","depositor"
"SAMEA103885950","UKKi017-A vial 50","SAMEA17619418","SAMEA17620168","SAMEG317564","P001","depositor"
"SAMEA103884077","UKKi025-A vial 01","SAMEA17636668","SAMEA17637418","SAMEG317580","P001","depositor"
"SAMEA103884092","UKKi025-A vial 02","SAMEA17636668","SAMEA17637418","SAMEG317580","P001","depositor"
"SAMEA103884082","UKKi025-A vial 03","SAMEA17636668","SAMEA17637418","SAMEG317580","P001","depositor"
"SAMEA103884072","UKKi025-A vial 04","SAMEA17636668","SAMEA17637418","SAMEG317580","P001","depositor"
"SAMEA103884086","UKKi025-A vial 05","SAMEA17636668","SAMEA17637418","SAMEG317580","P001","depositor"
"SAMEA103884074","UKKi025-A vial 06","SAMEA17636668","SAMEA17637418","SAMEG317580","P001","depositor"
"SAMEA103884091","UKKi025-A vial 07","SAMEA17636668","SAMEA17637418","SAMEG317580","P001","depositor"
"SAMEA103884081","UKKi025-A vial 08","SAMEA17636668","SAMEA17637418","SAMEG317580","P001","depositor"
"SAMEA103884095","UKKi025-A vial 09","SAMEA17636668","SAMEA17637418","SAMEG317580","P001","depositor"
"SAMEA103884088","UKKi025-A vial 10","SAMEA17636668","SAMEA17637418","SAMEG317580","P001","depositor"
"SAMEA103884076","UKKi025-A vial 11","SAMEA17636668","SAMEA17637418","SAMEG317580","P001","depositor"
"SAMEA103884090","UKKi025-A vial 12","SAMEA17636668","SAMEA17637418","SAMEG317580","P001","depositor"
"SAMEA103884080","UKKi025-A vial 13","SAMEA17636668","SAMEA17637418","SAMEG317580","P001","depositor"
"SAMEA103884071","UKKi025-A vial 14","SAMEA17636668","SAMEA17637418","SAMEG317580","P001","depositor"
"SAMEA103884085","UKKi025-A vial 15","SAMEA17636668","SAMEA17637418","SAMEG317580","P001","depositor"
"SAMEA103884073","UKKi025-A vial 16","SAMEA17636668","SAMEA17637418","SAMEG317580","P001","depositor"
"SAMEA103884087","UKKi025-A vial 17","SAMEA17636668","SAMEA17637418","SAMEG317580","P001","depositor"
"SAMEA103884079","UKKi025-A vial 18","SAMEA17636668","SAMEA17637418","SAMEG317580","P001","depositor"
"SAMEA103884094","UKKi025-A vial 19","SAMEA17636668","SAMEA17637418","SAMEG317580","P001","depositor"
"SAMEA103884084","UKKi025-A vial 20","SAMEA17636668","SAMEA17637418","SAMEG317580","P001","depositor"
"SAMEA103884075","UKKi025-A vial 21","SAMEA17636668","SAMEA17637418","SAMEG317580","P001","depositor"
"SAMEA103884089","UKKi025-A vial 22","SAMEA17636668","SAMEA17637418","SAMEG317580","P001","depositor"
"SAMEA103884078","UKKi025-A vial 23","SAMEA17636668","SAMEA17637418","SAMEG317580","P001","depositor"
"SAMEA103884093","UKKi025-A vial 24","SAMEA17636668","SAMEA17637418","SAMEG317580","P001","depositor"
"SAMEA103884083","UKKi025-A vial 25","SAMEA17636668","SAMEA17637418","SAMEG317580","P001","depositor"
"SAMEA103885971","UKKi025-A vial 26","SAMEA17636668","SAMEA17637418","SAMEG317580","P001","depositor"
"SAMEA103885979","UKKi025-A vial 27","SAMEA17636668","SAMEA17637418","SAMEG317580","P001","depositor"
"SAMEA103885986","UKKi025-A vial 28","SAMEA17636668","SAMEA17637418","SAMEG317580","P001","depositor"
"SAMEA103885994","UKKi025-A vial 29","SAMEA17636668","SAMEA17637418","SAMEG317580","P001","depositor"
"SAMEA103885976","UKKi025-A vial 30","SAMEA17636668","SAMEA17637418","SAMEG317580","P001","depositor"
"SAMEA103885984","UKKi025-A vial 31","SAMEA17636668","SAMEA17637418","SAMEG317580","P001","depositor"
"SAMEA103885992","UKKi025-A vial 32","SAMEA17636668","SAMEA17637418","SAMEG317580","P001","depositor"
"SAMEA103885973","UKKi025-A vial 33","SAMEA17636668","SAMEA17637418","SAMEG317580","P001","depositor"
"SAMEA103885981","UKKi025-A vial 34","SAMEA17636668","SAMEA17637418","SAMEG317580","P001","depositor"
"SAMEA103885988","UKKi025-A vial 35","SAMEA17636668","SAMEA17637418","SAMEG317580","P001","depositor"
"SAMEA103885983","UKKi025-A vial 36","SAMEA17636668","SAMEA17637418","SAMEG317580","P001","depositor"
"SAMEA103885990","UKKi025-A vial 37","SAMEA17636668","SAMEA17637418","SAMEG317580","P001","depositor"
"SAMEA103885972","UKKi025-A vial 38","SAMEA17636668","SAMEA17637418","SAMEG317580","P001","depositor"
"SAMEA103885980","UKKi025-A vial 39","SAMEA17636668","SAMEA17637418","SAMEG317580","P001","depositor"
"SAMEA103885975","UKKi025-A vial 40","SAMEA17636668","SAMEA17637418","SAMEG317580","P001","depositor"
"SAMEA103885970","UKKi025-A vial 41","SAMEA17636668","SAMEA17637418","SAMEG317580","P001","depositor"
"SAMEA103885978","UKKi025-A vial 42","SAMEA17636668","SAMEA17637418","SAMEG317580","P001","depositor"
"SAMEA103885987","UKKi025-A vial 43","SAMEA17636668","SAMEA17637418","SAMEG317580","P001","depositor"
"SAMEA103885993","UKKi025-A vial 44","SAMEA17636668","SAMEA17637418","SAMEG317580","P001","depositor"
"SAMEA103885974","UKKi025-A vial 45","SAMEA17636668","SAMEA17637418","SAMEG317580","P001","depositor"
"SAMEA103885982","UKKi025-A vial 46","SAMEA17636668","SAMEA17637418","SAMEG317580","P001","depositor"
"SAMEA103885977","UKKi025-A vial 47","SAMEA17636668","SAMEA17637418","SAMEG317580","P001","depositor"
"SAMEA103885985","UKKi025-A vial 48","SAMEA17636668","SAMEA17637418","SAMEG317580","P001","depositor"
"SAMEA103885991","UKKi025-A vial 49","SAMEA17636668","SAMEA17637418","SAMEG317580","P001","depositor"
"SAMEA103885989","UKKi025-A vial 50","SAMEA17636668","SAMEA17637418","SAMEG317580","P001","depositor"
